team1_encoded,team2_encoded,venue_encoded,toss_winner_encoded,team1_win_rate,team2_win_rate,team1_toss_win_rate,team2_toss_win_rate,target
16,8,23,16,0.48333333333333334,0.5219123505976095,0.4708333333333333,0.4860557768924303,0
6,0,40,0,0.4631578947368421,0.5798319327731093,0.4473684210526316,0.5126050420168067,0
3,13,16,13,0.4161490683229814,0.5067873303167421,0.4968944099378882,0.5429864253393665,1
10,16,55,10,0.5517241379310345,0.48333333333333334,0.5478927203065134,0.4708333333333333,0
8,1,14,1,0.5219123505976095,0.38666666666666666,0.4860557768924303,0.5733333333333334,1
13,6,46,6,0.5067873303167421,0.4631578947368421,0.5429864253393665,0.4473684210526316,1
1,3,42,1,0.38666666666666666,0.4161490683229814,0.5733333333333334,0.4968944099378882,0
0,10,27,10,0.5798319327731093,0.5517241379310345,0.5126050420168067,0.5478927203065134,1
1,13,42,13,0.38666666666666666,0.5067873303167421,0.5733333333333334,0.5429864253393665,0
6,10,40,10,0.4631578947368421,0.5517241379310345,0.4473684210526316,0.5478927203065134,1
16,13,23,13,0.48333333333333334,0.5067873303167421,0.4708333333333333,0.5429864253393665,0
0,8,27,8,0.5798319327731093,0.5219123505976095,0.5126050420168067,0.4860557768924303,1
10,1,9,1,0.5517241379310345,0.38666666666666666,0.5478927203065134,0.5733333333333334,0
6,3,40,3,0.4631578947368421,0.4161490683229814,0.4473684210526316,0.4968944099378882,1
16,0,23,0,0.48333333333333334,0.5798319327731093,0.4708333333333333,0.5126050420168067,0
8,10,14,8,0.5219123505976095,0.5517241379310345,0.4860557768924303,0.5478927203065134,0
3,16,16,16,0.4161490683229814,0.48333333333333334,0.4968944099378882,0.4708333333333333,1
1,6,42,6,0.38666666666666666,0.4631578947368421,0.5733333333333334,0.4473684210526316,0
13,8,46,13,0.5067873303167421,0.5219123505976095,0.5429864253393665,0.4860557768924303,1
0,3,27,0,0.5798319327731093,0.4161490683229814,0.5126050420168067,0.4968944099378882,0
6,8,40,6,0.4631578947368421,0.5219123505976095,0.4473684210526316,0.4860557768924303,1
16,1,23,1,0.48333333333333334,0.38666666666666666,0.4708333333333333,0.5733333333333334,1
10,3,9,3,0.5517241379310345,0.4161490683229814,0.5478927203065134,0.4968944099378882,1
13,0,46,0,0.5067873303167421,0.5798319327731093,0.5429864253393665,0.5126050420168067,1
16,6,23,6,0.48333333333333334,0.4631578947368421,0.4708333333333333,0.4473684210526316,0
0,1,27,1,0.5798319327731093,0.38666666666666666,0.5126050420168067,0.5733333333333334,0
10,13,9,10,0.5517241379310345,0.5067873303167421,0.5478927203065134,0.5429864253393665,1
3,0,16,0,0.4161490683229814,0.5798319327731093,0.4968944099378882,0.5126050420168067,0
8,16,14,8,0.5219123505976095,0.48333333333333334,0.4860557768924303,0.4708333333333333,1
13,1,46,13,0.5067873303167421,0.38666666666666666,0.5429864253393665,0.5733333333333334,1
0,6,27,6,0.5798319327731093,0.4631578947368421,0.5126050420168067,0.4473684210526316,1
1,8,42,8,0.38666666666666666,0.5219123505976095,0.5733333333333334,0.4860557768924303,0
13,3,46,13,0.5067873303167421,0.4161490683229814,0.5429864253393665,0.4968944099378882,1
6,16,40,16,0.4631578947368421,0.48333333333333334,0.4473684210526316,0.4708333333333333,1
8,3,14,8,0.5219123505976095,0.4161490683229814,0.4860557768924303,0.4968944099378882,1
10,0,55,10,0.5517241379310345,0.5798319327731093,0.5478927203065134,0.5126050420168067,1
3,1,16,1,0.4161490683229814,0.38666666666666666,0.4968944099378882,0.5733333333333334,1
10,8,55,10,0.5517241379310345,0.5219123505976095,0.5478927203065134,0.4860557768924303,1
3,6,16,3,0.4161490683229814,0.4631578947368421,0.4968944099378882,0.4473684210526316,0
13,16,46,16,0.5067873303167421,0.48333333333333334,0.5429864253393665,0.4708333333333333,1
1,10,42,1,0.38666666666666666,0.5517241379310345,0.5733333333333334,0.5478927203065134,0
8,0,14,8,0.5219123505976095,0.5798319327731093,0.4860557768924303,0.5126050420168067,0
16,3,23,3,0.48333333333333334,0.4161490683229814,0.4708333333333333,0.4968944099378882,0
8,13,14,13,0.5219123505976095,0.5067873303167421,0.4860557768924303,0.5429864253393665,0
10,6,55,10,0.5517241379310345,0.4631578947368421,0.5478927203065134,0.4473684210526316,0
0,16,27,16,0.5798319327731093,0.48333333333333334,0.5126050420168067,0.4708333333333333,0
6,1,40,6,0.4631578947368421,0.38666666666666666,0.4473684210526316,0.5733333333333334,1
3,10,16,3,0.4161490683229814,0.5517241379310345,0.4968944099378882,0.5478927203065134,1
0,13,27,13,0.5798319327731093,0.5067873303167421,0.5126050420168067,0.5429864253393665,0
1,16,42,1,0.38666666666666666,0.48333333333333334,0.5733333333333334,0.4708333333333333,0
8,6,14,6,0.5219123505976095,0.4631578947368421,0.4860557768924303,0.4473684210526316,1
13,10,46,13,0.5067873303167421,0.5517241379310345,0.5429864253393665,0.5478927203065134,1
1,0,42,1,0.38666666666666666,0.5798319327731093,0.5733333333333334,0.5126050420168067,0
16,10,23,10,0.48333333333333334,0.5517241379310345,0.4708333333333333,0.5478927203065134,0
6,13,40,13,0.4631578947368421,0.5067873303167421,0.4473684210526316,0.5429864253393665,1
3,13,55,3,0.4161490683229814,0.5067873303167421,0.4968944099378882,0.5429864253393665,0
0,6,55,6,0.5798319327731093,0.4631578947368421,0.5126050420168067,0.4473684210526316,1
0,13,9,13,0.5798319327731093,0.5067873303167421,0.5126050420168067,0.5429864253393665,0
0,10,35,0,0.5798319327731093,0.5517241379310345,0.5126050420168067,0.5478927203065134,0
16,13,35,16,0.48333333333333334,0.5067873303167421,0.4708333333333333,0.5429864253393665,1
3,6,35,3,0.4161490683229814,0.4631578947368421,0.4968944099378882,0.4473684210526316,1
1,8,35,8,0.38666666666666666,0.5219123505976095,0.5733333333333334,0.4860557768924303,1
16,0,51,0,0.48333333333333334,0.5798319327731093,0.4708333333333333,0.5126050420168067,0
6,8,22,8,0.4631578947368421,0.5219123505976095,0.4473684210526316,0.4860557768924303,0
16,1,35,1,0.48333333333333334,0.38666666666666666,0.4708333333333333,0.5733333333333334,0
0,3,22,3,0.5798319327731093,0.4161490683229814,0.5126050420168067,0.4968944099378882,0
8,13,35,8,0.5219123505976095,0.5067873303167421,0.4860557768924303,0.5429864253393665,0
16,6,22,16,0.48333333333333334,0.4631578947368421,0.4708333333333333,0.4473684210526316,0
1,10,22,1,0.38666666666666666,0.5517241379310345,0.5733333333333334,0.5478927203065134,1
16,3,51,16,0.48333333333333334,0.4161490683229814,0.4708333333333333,0.4968944099378882,0
6,13,35,6,0.4631578947368421,0.5067873303167421,0.4473684210526316,0.5429864253393665,1
0,1,22,1,0.5798319327731093,0.38666666666666666,0.5126050420168067,0.5733333333333334,0
8,10,51,10,0.5219123505976095,0.5517241379310345,0.4860557768924303,0.5478927203065134,0
3,13,53,3,0.4161490683229814,0.5067873303167421,0.4968944099378882,0.5429864253393665,0
16,8,22,8,0.48333333333333334,0.5219123505976095,0.4708333333333333,0.4860557768924303,1
6,10,22,6,0.4631578947368421,0.5517241379310345,0.4473684210526316,0.5478927203065134,1
1,3,53,3,0.38666666666666666,0.4161490683229814,0.5733333333333334,0.4968944099378882,0
0,13,53,13,0.5798319327731093,0.5067873303167421,0.5126050420168067,0.5429864253393665,1
8,10,7,10,0.5219123505976095,0.5517241379310345,0.4860557768924303,0.5478927203065134,0
16,6,22,16,0.48333333333333334,0.4631578947368421,0.4708333333333333,0.4473684210526316,1
1,13,51,1,0.38666666666666666,0.5067873303167421,0.5733333333333334,0.5429864253393665,0
0,3,34,3,0.5798319327731093,0.4161490683229814,0.5126050420168067,0.4968944099378882,1
6,8,51,8,0.4631578947368421,0.5219123505976095,0.4473684210526316,0.4860557768924303,1
16,10,34,10,0.48333333333333334,0.5517241379310345,0.4708333333333333,0.5478927203065134,1
0,1,7,0,0.5798319327731093,0.38666666666666666,0.5126050420168067,0.5733333333333334,1
6,13,22,6,0.4631578947368421,0.5067873303167421,0.4473684210526316,0.5429864253393665,0
3,8,22,8,0.4161490683229814,0.5219123505976095,0.4968944099378882,0.4860557768924303,1
1,10,53,1,0.38666666666666666,0.5517241379310345,0.5733333333333334,0.5478927203065134,1
16,13,53,13,0.48333333333333334,0.5067873303167421,0.4708333333333333,0.5429864253393665,0
0,6,53,0,0.5798319327731093,0.4631578947368421,0.5126050420168067,0.4473684210526316,1
3,10,7,10,0.4161490683229814,0.5517241379310345,0.4968944099378882,0.5478927203065134,1
1,6,8,6,0.38666666666666666,0.4631578947368421,0.5733333333333334,0.4473684210526316,0
0,13,8,13,0.5798319327731093,0.5067873303167421,0.5126050420168067,0.5429864253393665,1
16,10,51,10,0.48333333333333334,0.5517241379310345,0.4708333333333333,0.5478927203065134,0
3,8,34,3,0.4161490683229814,0.5219123505976095,0.4968944099378882,0.4860557768924303,1
1,13,8,1,0.38666666666666666,0.5067873303167421,0.5733333333333334,0.5429864253393665,1
16,8,53,16,0.48333333333333334,0.5219123505976095,0.4708333333333333,0.4860557768924303,1
6,10,53,6,0.4631578947368421,0.5517241379310345,0.4473684210526316,0.5478927203065134,0
1,3,22,1,0.38666666666666666,0.4161490683229814,0.5733333333333334,0.4968944099378882,0
16,0,22,0,0.48333333333333334,0.5798319327731093,0.4708333333333333,0.5126050420168067,1
10,13,22,13,0.5517241379310345,0.5067873303167421,0.5478927203065134,0.5429864253393665,0
3,6,36,6,0.4161490683229814,0.4631578947368421,0.4968944099378882,0.4473684210526316,0
0,10,51,10,0.5798319327731093,0.5517241379310345,0.5126050420168067,0.5478927203065134,1
1,8,34,1,0.38666666666666666,0.5219123505976095,0.5733333333333334,0.4860557768924303,1
1,6,34,1,0.38666666666666666,0.4631578947368421,0.5733333333333334,0.4473684210526316,0
3,13,36,3,0.4161490683229814,0.5067873303167421,0.4968944099378882,0.5429864253393665,1
0,8,53,0,0.5798319327731093,0.5219123505976095,0.5126050420168067,0.4860557768924303,0
16,3,34,3,0.48333333333333334,0.4161490683229814,0.4708333333333333,0.4968944099378882,1
8,13,22,8,0.5219123505976095,0.5067873303167421,0.4860557768924303,0.5429864253393665,1
0,6,22,0,0.5798319327731093,0.4631578947368421,0.5126050420168067,0.4473684210526316,1
3,10,53,3,0.4161490683229814,0.5517241379310345,0.4968944099378882,0.5478927203065134,1
16,1,53,16,0.48333333333333334,0.38666666666666666,0.4708333333333333,0.5733333333333334,1
3,1,53,1,0.4161490683229814,0.38666666666666666,0.4968944099378882,0.5733333333333334,0
16,0,34,16,0.48333333333333334,0.5798319327731093,0.4708333333333333,0.5126050420168067,1
16,1,34,16,0.48333333333333334,0.38666666666666666,0.4708333333333333,0.5733333333333334,0
1,8,9,1,0.38666666666666666,0.5219123505976095,0.5733333333333334,0.4860557768924303,0
10,13,5,10,0.5517241379310345,0.5067873303167421,0.5478927203065134,0.5429864253393665,1
6,3,40,3,0.4631578947368421,0.4161490683229814,0.4473684210526316,0.4968944099378882,0
8,16,14,8,0.5219123505976095,0.48333333333333334,0.4860557768924303,0.4708333333333333,1
0,1,27,1,0.5798319327731093,0.38666666666666666,0.5126050420168067,0.5733333333333334,0
13,3,44,3,0.5067873303167421,0.4161490683229814,0.5429864253393665,0.4968944099378882,0
16,6,23,6,0.48333333333333334,0.4631578947368421,0.4708333333333333,0.4473684210526316,1
8,0,14,0,0.5219123505976095,0.5798319327731093,0.4860557768924303,0.5126050420168067,0
3,10,16,3,0.4161490683229814,0.5517241379310345,0.4968944099378882,0.5478927203065134,0
16,13,23,16,0.48333333333333334,0.5067873303167421,0.4708333333333333,0.5429864253393665,1
3,0,16,3,0.4161490683229814,0.5798319327731093,0.4968944099378882,0.5126050420168067,0
1,6,2,6,0.38666666666666666,0.4631578947368421,0.5733333333333334,0.4473684210526316,1
13,8,44,13,0.5067873303167421,0.5219123505976095,0.5429864253393665,0.4860557768924303,1
10,16,5,10,0.5517241379310345,0.48333333333333334,0.5478927203065134,0.4708333333333333,0
1,3,2,1,0.38666666666666666,0.4161490683229814,0.5733333333333334,0.4968944099378882,1
0,6,27,0,0.5798319327731093,0.4631578947368421,0.5126050420168067,0.4473684210526316,0
10,8,5,8,0.5517241379310345,0.5219123505976095,0.5478927203065134,0.4860557768924303,1
16,0,23,0,0.48333333333333334,0.5798319327731093,0.4708333333333333,0.5126050420168067,1
6,13,40,6,0.4631578947368421,0.5067873303167421,0.4473684210526316,0.5429864253393665,0
0,10,6,10,0.5798319327731093,0.5517241379310345,0.5126050420168067,0.5478927203065134,0
16,3,23,16,0.48333333333333334,0.4161490683229814,0.4708333333333333,0.4968944099378882,0
13,1,44,1,0.5067873303167421,0.38666666666666666,0.5429864253393665,0.5733333333333334,1
6,8,40,8,0.4631578947368421,0.5219123505976095,0.4473684210526316,0.4860557768924303,0
13,0,44,13,0.5067873303167421,0.5798319327731093,0.5429864253393665,0.5126050420168067,1
1,10,9,1,0.38666666666666666,0.5517241379310345,0.5733333333333334,0.5478927203065134,0
3,8,16,3,0.4161490683229814,0.5219123505976095,0.4968944099378882,0.4860557768924303,1
10,6,5,10,0.5517241379310345,0.4631578947368421,0.5478927203065134,0.4473684210526316,1
0,16,27,16,0.5798319327731093,0.48333333333333334,0.5126050420168067,0.4708333333333333,1
3,13,16,3,0.4161490683229814,0.5067873303167421,0.4968944099378882,0.5429864253393665,1
8,1,14,8,0.5219123505976095,0.38666666666666666,0.4860557768924303,0.5733333333333334,1
6,16,40,6,0.4631578947368421,0.48333333333333334,0.4473684210526316,0.4708333333333333,0
0,13,27,0,0.5798319327731093,0.5067873303167421,0.5126050420168067,0.5429864253393665,1
10,1,5,10,0.5517241379310345,0.38666666666666666,0.5478927203065134,0.5733333333333334,1
8,6,14,8,0.5219123505976095,0.4631578947368421,0.4860557768924303,0.4473684210526316,0
3,16,16,3,0.4161490683229814,0.48333333333333334,0.4968944099378882,0.4708333333333333,1
1,13,54,13,0.38666666666666666,0.5067873303167421,0.5733333333333334,0.5429864253393665,0
0,10,27,0,0.5798319327731093,0.5517241379310345,0.5126050420168067,0.5478927203065134,1
13,6,46,6,0.5067873303167421,0.4631578947368421,0.5429864253393665,0.4473684210526316,1
8,3,14,8,0.5219123505976095,0.4161490683229814,0.4860557768924303,0.4968944099378882,1
16,1,23,1,0.48333333333333334,0.38666666666666666,0.4708333333333333,0.5733333333333334,0
6,10,40,10,0.4631578947368421,0.5517241379310345,0.4473684210526316,0.5478927203065134,1
1,0,54,0,0.38666666666666666,0.5798319327731093,0.5733333333333334,0.5126050420168067,1
16,8,23,16,0.48333333333333334,0.5219123505976095,0.4708333333333333,0.4860557768924303,1
3,6,16,3,0.4161490683229814,0.4631578947368421,0.4968944099378882,0.4473684210526316,0
13,10,46,13,0.5067873303167421,0.5517241379310345,0.5429864253393665,0.5478927203065134,0
1,16,54,16,0.38666666666666666,0.48333333333333334,0.5733333333333334,0.4708333333333333,1
10,3,5,10,0.5517241379310345,0.4161490683229814,0.5478927203065134,0.4968944099378882,1
0,8,27,8,0.5798319327731093,0.5219123505976095,0.5126050420168067,0.4860557768924303,1
13,16,46,13,0.5067873303167421,0.48333333333333334,0.5429864253393665,0.4708333333333333,0
0,3,27,0,0.5798319327731093,0.4161490683229814,0.5126050420168067,0.4968944099378882,0
6,1,18,1,0.4631578947368421,0.38666666666666666,0.4473684210526316,0.5733333333333334,0
16,10,23,16,0.48333333333333334,0.5517241379310345,0.4708333333333333,0.5478927203065134,0
8,13,14,13,0.5219123505976095,0.5067873303167421,0.4860557768924303,0.5429864253393665,1
6,0,18,0,0.4631578947368421,0.5798319327731093,0.4473684210526316,0.5126050420168067,0
3,1,16,1,0.4161490683229814,0.38666666666666666,0.4968944099378882,0.5733333333333334,0
8,10,14,10,0.5219123505976095,0.5517241379310345,0.4860557768924303,0.5478927203065134,1
16,10,9,10,0.48333333333333334,0.5517241379310345,0.4708333333333333,0.5478927203065134,0
0,1,9,0,0.5798319327731093,0.38666666666666666,0.5126050420168067,0.5733333333333334,1
16,1,9,1,0.48333333333333334,0.38666666666666666,0.4708333333333333,0.5733333333333334,1
0,10,9,0,0.5798319327731093,0.5517241379310345,0.5126050420168067,0.5478927203065134,1
0,8,27,0,0.5798319327731093,0.5219123505976095,0.5126050420168067,0.4860557768924303,1
1,13,42,13,0.38666666666666666,0.5067873303167421,0.5733333333333334,0.5429864253393665,0
7,16,33,7,0.42857142857142855,0.48333333333333334,0.5714285714285714,0.4708333333333333,0
3,10,16,3,0.4161490683229814,0.5517241379310345,0.4968944099378882,0.5478927203065134,0
11,6,9,6,0.2608695652173913,0.4631578947368421,0.43478260869565216,0.4473684210526316,1
8,1,14,8,0.5219123505976095,0.38666666666666666,0.4860557768924303,0.5733333333333334,1
13,3,46,3,0.5067873303167421,0.4161490683229814,0.5429864253393665,0.4968944099378882,1
16,10,23,10,0.48333333333333334,0.5517241379310345,0.4708333333333333,0.5478927203065134,0
6,0,40,6,0.4631578947368421,0.5798319327731093,0.4473684210526316,0.5126050420168067,1
11,7,9,7,0.2608695652173913,0.42857142857142855,0.43478260869565216,0.5714285714285714,1
1,16,42,16,0.38666666666666666,0.48333333333333334,0.5733333333333334,0.4708333333333333,1
13,8,46,8,0.5067873303167421,0.5219123505976095,0.5429864253393665,0.4860557768924303,0
10,7,55,7,0.5517241379310345,0.42857142857142855,0.5478927203065134,0.5714285714285714,0
0,16,27,0,0.5798319327731093,0.48333333333333334,0.5126050420168067,0.4708333333333333,1
1,6,42,6,0.38666666666666666,0.4631578947368421,0.5733333333333334,0.4473684210526316,0
11,3,9,3,0.2608695652173913,0.4161490683229814,0.43478260869565216,0.4968944099378882,0
8,13,14,8,0.5219123505976095,0.5067873303167421,0.4860557768924303,0.5429864253393665,1
7,0,33,7,0.42857142857142855,0.5798319327731093,0.5714285714285714,0.5126050420168067,1
3,1,16,1,0.4161490683229814,0.38666666666666666,0.4968944099378882,0.5733333333333334,0
10,11,55,11,0.5517241379310345,0.2608695652173913,0.5478927203065134,0.43478260869565216,1
8,7,14,8,0.5219123505976095,0.42857142857142855,0.4860557768924303,0.5714285714285714,0
6,13,40,13,0.4631578947368421,0.5067873303167421,0.4473684210526316,0.5429864253393665,1
10,0,55,0,0.5517241379310345,0.5798319327731093,0.5478927203065134,0.5126050420168067,1
8,16,14,16,0.5219123505976095,0.48333333333333334,0.4860557768924303,0.4708333333333333,0
3,6,16,6,0.4161490683229814,0.4631578947368421,0.4968944099378882,0.4473684210526316,1
1,10,42,1,0.38666666666666666,0.5517241379310345,0.5733333333333334,0.5478927203065134,0
13,7,46,13,0.5067873303167421,0.42857142857142855,0.5429864253393665,0.5714285714285714,1
0,11,27,11,0.5798319327731093,0.2608695652173913,0.5126050420168067,0.43478260869565216,1
3,16,16,16,0.4161490683229814,0.48333333333333334,0.4968944099378882,0.4708333333333333,0
11,0,9,11,0.2608695652173913,0.5798319327731093,0.43478260869565216,0.5126050420168067,0
7,1,33,7,0.42857142857142855,0.38666666666666666,0.5714285714285714,0.5733333333333334,0
3,8,16,3,0.4161490683229814,0.5219123505976095,0.4968944099378882,0.4860557768924303,0
13,10,46,13,0.5067873303167421,0.5517241379310345,0.5429864253393665,0.5478927203065134,1
16,11,23,11,0.48333333333333334,0.2608695652173913,0.4708333333333333,0.43478260869565216,1
7,3,33,3,0.42857142857142855,0.4161490683229814,0.5714285714285714,0.4968944099378882,0
8,6,14,8,0.5219123505976095,0.4631578947368421,0.4860557768924303,0.4473684210526316,1
13,11,46,13,0.5067873303167421,0.2608695652173913,0.5429864253393665,0.43478260869565216,1
0,1,27,0,0.5798319327731093,0.38666666666666666,0.5126050420168067,0.5733333333333334,1
10,6,55,6,0.5517241379310345,0.4631578947368421,0.5478927203065134,0.4473684210526316,1
3,7,16,7,0.4161490683229814,0.42857142857142855,0.4968944099378882,0.5714285714285714,0
1,8,42,1,0.38666666666666666,0.5219123505976095,0.5733333333333334,0.4860557768924303,0
0,13,27,13,0.5798319327731093,0.5067873303167421,0.5126050420168067,0.5429864253393665,1
11,10,9,11,0.2608695652173913,0.5517241379310345,0.43478260869565216,0.5478927203065134,0
7,8,33,8,0.42857142857142855,0.5219123505976095,0.5714285714285714,0.4860557768924303,1
1,3,42,3,0.38666666666666666,0.4161490683229814,0.5733333333333334,0.4968944099378882,0
16,6,23,6,0.48333333333333334,0.4631578947368421,0.4708333333333333,0.4473684210526316,1
8,0,14,0,0.5219123505976095,0.5798319327731093,0.4860557768924303,0.5126050420168067,1
10,3,55,3,0.5517241379310345,0.4161490683229814,0.5478927203065134,0.4968944099378882,1
16,7,23,7,0.48333333333333334,0.42857142857142855,0.4708333333333333,0.5714285714285714,1
6,11,40,6,0.4631578947368421,0.2608695652173913,0.4473684210526316,0.43478260869565216,0
13,0,46,13,0.5067873303167421,0.5798319327731093,0.5429864253393665,0.5126050420168067,0
1,11,42,1,0.38666666666666666,0.2608695652173913,0.5733333333333334,0.43478260869565216,0
6,10,40,10,0.4631578947368421,0.5517241379310345,0.4473684210526316,0.5478927203065134,1
13,16,46,16,0.5067873303167421,0.48333333333333334,0.5429864253393665,0.4708333333333333,0
0,3,27,0,0.5798319327731093,0.4161490683229814,0.5126050420168067,0.4968944099378882,1
7,6,20,6,0.42857142857142855,0.4631578947368421,0.5714285714285714,0.4473684210526316,0
16,8,23,16,0.48333333333333334,0.5219123505976095,0.4708333333333333,0.4860557768924303,1
10,1,55,1,0.5517241379310345,0.38666666666666666,0.5478927203065134,0.5733333333333334,0
6,3,18,3,0.4631578947368421,0.4161490683229814,0.4473684210526316,0.4968944099378882,1
7,13,20,7,0.42857142857142855,0.5067873303167421,0.5714285714285714,0.5429864253393665,1
11,1,9,1,0.2608695652173913,0.38666666666666666,0.43478260869565216,0.5733333333333334,0
6,16,18,6,0.4631578947368421,0.48333333333333334,0.4473684210526316,0.4708333333333333,1
0,7,27,0,0.5798319327731093,0.42857142857142855,0.5126050420168067,0.5714285714285714,1
11,8,9,8,0.2608695652173913,0.5219123505976095,0.43478260869565216,0.4860557768924303,0
10,13,55,10,0.5517241379310345,0.5067873303167421,0.5478927203065134,0.5429864253393665,0
6,1,18,6,0.4631578947368421,0.38666666666666666,0.4473684210526316,0.5733333333333334,0
3,11,16,3,0.4161490683229814,0.2608695652173913,0.4968944099378882,0.43478260869565216,0
16,0,23,16,0.48333333333333334,0.5798319327731093,0.4708333333333333,0.5126050420168067,1
8,10,14,10,0.5219123505976095,0.5517241379310345,0.4860557768924303,0.5478927203065134,0
16,0,55,0,0.48333333333333334,0.5798319327731093,0.4708333333333333,0.5126050420168067,0
10,8,55,10,0.5517241379310345,0.5219123505976095,0.5478927203065134,0.4860557768924303,1
16,10,27,10,0.48333333333333334,0.5517241379310345,0.4708333333333333,0.5478927203065134,1
0,16,27,0,0.5798319327731093,0.48333333333333334,0.5126050420168067,0.4708333333333333,1
0,10,27,10,0.5798319327731093,0.5517241379310345,0.5126050420168067,0.5478927203065134,0
8,3,14,3,0.5219123505976095,0.4161490683229814,0.4860557768924303,0.4968944099378882,0
10,11,55,10,0.5517241379310345,0.2608695652173913,0.5478927203065134,0.43478260869565216,0
13,6,46,6,0.5067873303167421,0.4631578947368421,0.5429864253393665,0.4473684210526316,1
16,3,23,3,0.48333333333333334,0.4161490683229814,0.4708333333333333,0.4968944099378882,1
1,0,11,1,0.38666666666666666,0.5798319327731093,0.5733333333333334,0.5126050420168067,0
13,8,46,8,0.5067873303167421,0.5219123505976095,0.5429864253393665,0.4860557768924303,1
11,6,52,11,0.2608695652173913,0.4631578947368421,0.43478260869565216,0.4473684210526316,1
1,10,11,1,0.38666666666666666,0.5517241379310345,0.5733333333333334,0.5478927203065134,0
16,8,23,16,0.48333333333333334,0.5219123505976095,0.4708333333333333,0.4860557768924303,0
3,0,16,3,0.4161490683229814,0.5798319327731093,0.4968944099378882,0.5126050420168067,1
10,13,55,13,0.5517241379310345,0.5067873303167421,0.5478927203065134,0.5429864253393665,1
0,16,27,16,0.5798319327731093,0.48333333333333334,0.5126050420168067,0.4708333333333333,1
6,11,40,6,0.4631578947368421,0.2608695652173913,0.4473684210526316,0.43478260869565216,1
8,13,14,13,0.5219123505976095,0.5067873303167421,0.4860557768924303,0.5429864253393665,1
11,0,52,0,0.2608695652173913,0.5798319327731093,0.43478260869565216,0.5126050420168067,1
8,6,14,8,0.5219123505976095,0.4631578947368421,0.4860557768924303,0.4473684210526316,0
16,13,23,13,0.48333333333333334,0.5067873303167421,0.4708333333333333,0.5429864253393665,0
10,3,55,3,0.5517241379310345,0.4161490683229814,0.5478927203065134,0.4968944099378882,0
13,1,46,1,0.5067873303167421,0.38666666666666666,0.5429864253393665,0.5733333333333334,1
16,11,23,11,0.48333333333333334,0.2608695652173913,0.4708333333333333,0.43478260869565216,1
6,8,40,6,0.4631578947368421,0.5219123505976095,0.4473684210526316,0.4860557768924303,0
3,1,16,1,0.4161490683229814,0.38666666666666666,0.4968944099378882,0.5733333333333334,1
0,11,27,11,0.5798319327731093,0.2608695652173913,0.5126050420168067,0.43478260869565216,1
6,16,40,16,0.4631578947368421,0.48333333333333334,0.4473684210526316,0.4708333333333333,0
0,13,27,13,0.5798319327731093,0.5067873303167421,0.5126050420168067,0.5429864253393665,1
3,11,16,3,0.4161490683229814,0.2608695652173913,0.4968944099378882,0.43478260869565216,0
10,6,55,10,0.5517241379310345,0.4631578947368421,0.5478927203065134,0.4473684210526316,0
1,8,2,8,0.38666666666666666,0.5219123505976095,0.5733333333333334,0.4860557768924303,0
13,16,46,13,0.5067873303167421,0.48333333333333334,0.5429864253393665,0.4708333333333333,0
11,3,52,11,0.2608695652173913,0.4161490683229814,0.43478260869565216,0.4968944099378882,0
6,10,40,6,0.4631578947368421,0.5517241379310345,0.4473684210526316,0.5478927203065134,0
11,1,52,1,0.2608695652173913,0.38666666666666666,0.43478260869565216,0.5733333333333334,0
3,10,16,10,0.4161490683229814,0.5517241379310345,0.4968944099378882,0.5478927203065134,1
0,6,27,6,0.5798319327731093,0.4631578947368421,0.5126050420168067,0.4473684210526316,0
8,16,14,8,0.5219123505976095,0.48333333333333334,0.4860557768924303,0.4708333333333333,1
3,13,16,3,0.4161490683229814,0.5067873303167421,0.4968944099378882,0.5429864253393665,1
10,1,55,10,0.5517241379310345,0.38666666666666666,0.5478927203065134,0.5733333333333334,1
0,8,27,0,0.5798319327731093,0.5219123505976095,0.5126050420168067,0.4860557768924303,0
1,11,2,1,0.38666666666666666,0.2608695652173913,0.5733333333333334,0.43478260869565216,1
13,3,46,13,0.5067873303167421,0.4161490683229814,0.5429864253393665,0.4968944099378882,0
16,6,23,6,0.48333333333333334,0.4631578947368421,0.4708333333333333,0.4473684210526316,0
11,10,52,10,0.2608695652173913,0.5517241379310345,0.43478260869565216,0.5478927203065134,0
0,1,27,0,0.5798319327731093,0.38666666666666666,0.5126050420168067,0.5733333333333334,1
8,11,14,8,0.5219123505976095,0.2608695652173913,0.4860557768924303,0.43478260869565216,1
6,13,40,13,0.4631578947368421,0.5067873303167421,0.4473684210526316,0.5429864253393665,0
10,0,55,10,0.5517241379310345,0.5798319327731093,0.5478927203065134,0.5126050420168067,1
16,1,23,16,0.48333333333333334,0.38666666666666666,0.4708333333333333,0.5733333333333334,1
3,8,16,3,0.4161490683229814,0.5219123505976095,0.4968944099378882,0.4860557768924303,0
11,13,52,11,0.2608695652173913,0.5067873303167421,0.43478260869565216,0.5429864253393665,0
1,6,42,1,0.38666666666666666,0.4631578947368421,0.5733333333333334,0.4473684210526316,0
10,16,55,16,0.5517241379310345,0.48333333333333334,0.5478927203065134,0.4708333333333333,0
1,3,42,1,0.38666666666666666,0.4161490683229814,0.5733333333333334,0.4968944099378882,0
13,0,46,0,0.5067873303167421,0.5798319327731093,0.5429864253393665,0.5126050420168067,0
11,16,52,11,0.2608695652173913,0.48333333333333334,0.43478260869565216,0.4708333333333333,0
8,10,14,10,0.5219123505976095,0.5517241379310345,0.4860557768924303,0.5478927203065134,0
0,3,27,0,0.5798319327731093,0.4161490683229814,0.5126050420168067,0.4968944099378882,1
13,11,46,13,0.5067873303167421,0.2608695652173913,0.5429864253393665,0.43478260869565216,1
6,1,40,1,0.4631578947368421,0.38666666666666666,0.4473684210526316,0.5733333333333334,1
16,10,23,10,0.48333333333333334,0.5517241379310345,0.4708333333333333,0.5478927203065134,0
8,0,14,0,0.5219123505976095,0.5798319327731093,0.4860557768924303,0.5126050420168067,0
3,6,16,6,0.4161490683229814,0.4631578947368421,0.4968944099378882,0.4473684210526316,1
10,8,55,10,0.5517241379310345,0.5219123505976095,0.5478927203065134,0.4860557768924303,0
6,0,18,6,0.4631578947368421,0.5798319327731093,0.4473684210526316,0.5126050420168067,1
3,16,16,3,0.4161490683229814,0.48333333333333334,0.4968944099378882,0.4708333333333333,0
1,13,42,13,0.38666666666666666,0.5067873303167421,0.5733333333333334,0.5429864253393665,1
6,3,18,3,0.4631578947368421,0.4161490683229814,0.4473684210526316,0.4968944099378882,0
11,8,52,8,0.2608695652173913,0.5219123505976095,0.43478260869565216,0.4860557768924303,0
1,16,42,16,0.38666666666666666,0.48333333333333334,0.5733333333333334,0.4708333333333333,1
13,10,46,13,0.5067873303167421,0.5517241379310345,0.5429864253393665,0.5478927203065134,0
3,8,52,8,0.4161490683229814,0.5219123505976095,0.4968944099378882,0.4860557768924303,0
0,10,23,10,0.5798319327731093,0.5517241379310345,0.5126050420168067,0.5478927203065134,1
3,0,27,3,0.4161490683229814,0.5798319327731093,0.4968944099378882,0.5126050420168067,0
8,0,27,0,0.5219123505976095,0.5798319327731093,0.4860557768924303,0.5126050420168067,1
8,3,14,8,0.5219123505976095,0.4161490683229814,0.4860557768924303,0.4968944099378882,1
16,10,23,10,0.48333333333333334,0.5517241379310345,0.4708333333333333,0.5478927203065134,1
18,11,42,11,0.4835164835164835,0.2608695652173913,0.4835164835164835,0.43478260869565216,1
3,13,16,13,0.4161490683229814,0.5067873303167421,0.4968944099378882,0.5429864253393665,0
0,10,27,10,0.5798319327731093,0.5517241379310345,0.5126050420168067,0.5478927203065134,0
11,6,52,11,0.2608695652173913,0.4631578947368421,0.43478260869565216,0.4473684210526316,0
18,16,42,16,0.4835164835164835,0.48333333333333334,0.4835164835164835,0.4708333333333333,1
13,8,46,8,0.5067873303167421,0.5219123505976095,0.5429864253393665,0.4860557768924303,1
10,3,55,10,0.5517241379310345,0.4161490683229814,0.5478927203065134,0.4968944099378882,1
16,18,23,18,0.48333333333333334,0.4835164835164835,0.4708333333333333,0.4835164835164835,1
6,0,40,0,0.4631578947368421,0.5798319327731093,0.4473684210526316,0.5126050420168067,0
16,8,23,16,0.48333333333333334,0.5219123505976095,0.4708333333333333,0.4860557768924303,1
11,13,52,13,0.2608695652173913,0.5067873303167421,0.43478260869565216,0.5429864253393665,1
3,18,16,3,0.4161490683229814,0.4835164835164835,0.4968944099378882,0.4835164835164835,0
10,11,55,10,0.5517241379310345,0.2608695652173913,0.5478927203065134,0.43478260869565216,1
0,16,27,0,0.5798319327731093,0.48333333333333334,0.5126050420168067,0.4708333333333333,1
8,18,14,8,0.5219123505976095,0.4835164835164835,0.4860557768924303,0.4835164835164835,1
13,6,46,13,0.5067873303167421,0.4631578947368421,0.5429864253393665,0.4473684210526316,1
0,11,27,11,0.5798319327731093,0.2608695652173913,0.5126050420168067,0.43478260869565216,0
6,8,40,8,0.4631578947368421,0.5219123505976095,0.4473684210526316,0.4860557768924303,1
16,3,23,16,0.48333333333333334,0.4161490683229814,0.4708333333333333,0.4968944099378882,1
11,18,30,11,0.2608695652173913,0.4835164835164835,0.43478260869565216,0.4835164835164835,0
13,10,46,13,0.5067873303167421,0.5517241379310345,0.5429864253393665,0.5478927203065134,1
3,0,16,0,0.4161490683229814,0.5798319327731093,0.4968944099378882,0.5126050420168067,0
18,6,42,6,0.4835164835164835,0.4631578947368421,0.4835164835164835,0.4473684210526316,1
8,0,14,8,0.5219123505976095,0.5798319327731093,0.4860557768924303,0.5126050420168067,0
16,13,23,16,0.48333333333333334,0.5067873303167421,0.4708333333333333,0.5429864253393665,1
3,10,16,10,0.4161490683229814,0.5517241379310345,0.4968944099378882,0.5478927203065134,1
6,11,40,6,0.4631578947368421,0.2608695652173913,0.4473684210526316,0.43478260869565216,1
0,13,27,13,0.5798319327731093,0.5067873303167421,0.5126050420168067,0.5429864253393665,1
16,11,23,11,0.48333333333333334,0.2608695652173913,0.4708333333333333,0.43478260869565216,1
3,6,16,6,0.4161490683229814,0.4631578947368421,0.4968944099378882,0.4473684210526316,0
8,10,14,8,0.5219123505976095,0.5517241379310345,0.4860557768924303,0.5478927203065134,0
0,18,27,18,0.5798319327731093,0.4835164835164835,0.5126050420168067,0.4835164835164835,1
8,6,14,6,0.5219123505976095,0.4631578947368421,0.4860557768924303,0.4473684210526316,1
13,18,46,18,0.5067873303167421,0.4835164835164835,0.5429864253393665,0.4835164835164835,1
10,16,55,10,0.5517241379310345,0.48333333333333334,0.5478927203065134,0.4708333333333333,1
0,8,27,8,0.5798319327731093,0.5219123505976095,0.5126050420168067,0.4860557768924303,1
3,11,48,11,0.4161490683229814,0.2608695652173913,0.4968944099378882,0.43478260869565216,1
13,16,46,13,0.5067873303167421,0.48333333333333334,0.5429864253393665,0.4708333333333333,1
10,6,55,10,0.5517241379310345,0.4631578947368421,0.5478927203065134,0.4473684210526316,1
11,0,52,0,0.2608695652173913,0.5798319327731093,0.43478260869565216,0.5126050420168067,0
18,10,42,10,0.4835164835164835,0.5517241379310345,0.4835164835164835,0.5478927203065134,1
3,8,48,8,0.4161490683229814,0.5219123505976095,0.4968944099378882,0.4860557768924303,1
0,6,27,0,0.5798319327731093,0.4631578947368421,0.5126050420168067,0.4473684210526316,1
11,16,52,16,0.2608695652173913,0.48333333333333334,0.43478260869565216,0.4708333333333333,0
8,13,14,13,0.5219123505976095,0.5067873303167421,0.4860557768924303,0.5429864253393665,1
18,3,42,3,0.4835164835164835,0.4161490683229814,0.4835164835164835,0.4968944099378882,1
10,0,55,10,0.5517241379310345,0.5798319327731093,0.5478927203065134,0.5126050420168067,1
13,11,46,11,0.5067873303167421,0.2608695652173913,0.5429864253393665,0.43478260869565216,1
6,16,40,6,0.4631578947368421,0.48333333333333334,0.4473684210526316,0.4708333333333333,1
13,3,46,3,0.5067873303167421,0.4161490683229814,0.5429864253393665,0.4968944099378882,1
10,8,55,10,0.5517241379310345,0.5219123505976095,0.5478927203065134,0.4860557768924303,1
18,0,42,18,0.4835164835164835,0.5798319327731093,0.4835164835164835,0.5126050420168067,0
6,13,40,13,0.4631578947368421,0.5067873303167421,0.4473684210526316,0.5429864253393665,0
11,8,52,8,0.2608695652173913,0.5219123505976095,0.43478260869565216,0.4860557768924303,0
3,16,16,3,0.4161490683229814,0.48333333333333334,0.4968944099378882,0.4708333333333333,0
11,10,52,11,0.2608695652173913,0.5517241379310345,0.43478260869565216,0.5478927203065134,0
6,18,40,6,0.4631578947368421,0.4835164835164835,0.4473684210526316,0.4835164835164835,0
8,16,21,8,0.5219123505976095,0.48333333333333334,0.4860557768924303,0.4708333333333333,1
13,0,46,13,0.5067873303167421,0.5798319327731093,0.5429864253393665,0.5126050420168067,1
10,18,55,18,0.5517241379310345,0.4835164835164835,0.5478927203065134,0.4835164835164835,1
16,6,23,6,0.48333333333333334,0.4631578947368421,0.4708333333333333,0.4473684210526316,0
0,3,27,0,0.5798319327731093,0.4161490683229814,0.5126050420168067,0.4968944099378882,1
8,11,21,8,0.5219123505976095,0.2608695652173913,0.4860557768924303,0.43478260869565216,0
10,13,55,13,0.5517241379310345,0.5067873303167421,0.5478927203065134,0.5429864253393665,1
6,3,18,3,0.4631578947368421,0.4161490683229814,0.4473684210526316,0.4968944099378882,1
18,13,42,18,0.4835164835164835,0.5067873303167421,0.4835164835164835,0.5429864253393665,1
6,10,18,10,0.4631578947368421,0.5517241379310345,0.4473684210526316,0.5478927203065134,1
16,0,23,0,0.48333333333333334,0.5798319327731093,0.4708333333333333,0.5126050420168067,1
11,3,52,11,0.2608695652173913,0.4161490683229814,0.43478260869565216,0.4968944099378882,1
18,8,42,8,0.4835164835164835,0.5219123505976095,0.4835164835164835,0.4860557768924303,1
0,10,16,0,0.5798319327731093,0.5517241379310345,0.5126050420168067,0.5478927203065134,1
13,18,16,18,0.5067873303167421,0.4835164835164835,0.5429864253393665,0.4835164835164835,1
10,13,14,13,0.5517241379310345,0.5067873303167421,0.5478927203065134,0.5429864253393665,1
0,10,14,10,0.5798319327731093,0.5517241379310345,0.5126050420168067,0.5478927203065134,0
10,8,50,8,0.5517241379310345,0.5219123505976095,0.5478927203065134,0.4860557768924303,0
3,16,49,16,0.4161490683229814,0.48333333333333334,0.4968944099378882,0.4708333333333333,0
0,6,50,0,0.5798319327731093,0.4631578947368421,0.5126050420168067,0.4473684210526316,0
18,13,50,13,0.4835164835164835,0.5067873303167421,0.4835164835164835,0.5429864253393665,0
16,10,13,16,0.48333333333333334,0.5517241379310345,0.4708333333333333,0.5478927203065134,1
8,3,13,8,0.5219123505976095,0.4161490683229814,0.4860557768924303,0.4968944099378882,0
13,6,49,6,0.5067873303167421,0.4631578947368421,0.5429864253393665,0.4473684210526316,0
0,3,50,0,0.5798319327731093,0.4161490683229814,0.5126050420168067,0.4968944099378882,1
6,18,49,18,0.4631578947368421,0.4835164835164835,0.4473684210526316,0.4835164835164835,1
13,0,13,13,0.5067873303167421,0.5798319327731093,0.5429864253393665,0.5126050420168067,0
16,8,49,16,0.48333333333333334,0.5219123505976095,0.4708333333333333,0.4860557768924303,0
18,3,13,18,0.4835164835164835,0.4161490683229814,0.4835164835164835,0.4968944099378882,1
0,10,13,10,0.5798319327731093,0.5517241379310345,0.5126050420168067,0.5478927203065134,1
13,16,50,13,0.5067873303167421,0.48333333333333334,0.5429864253393665,0.4708333333333333,1
8,6,50,8,0.5219123505976095,0.4631578947368421,0.4860557768924303,0.4473684210526316,0
3,10,49,10,0.4161490683229814,0.5517241379310345,0.4968944099378882,0.5478927203065134,1
18,0,49,18,0.4835164835164835,0.5798319327731093,0.4835164835164835,0.5126050420168067,0
6,16,13,6,0.4631578947368421,0.48333333333333334,0.4473684210526316,0.4708333333333333,1
8,13,50,13,0.5219123505976095,0.5067873303167421,0.4860557768924303,0.5429864253393665,0
10,18,13,10,0.5517241379310345,0.4835164835164835,0.5478927203065134,0.4835164835164835,0
0,8,21,0,0.5798319327731093,0.5219123505976095,0.5126050420168067,0.4860557768924303,1
10,6,55,6,0.5517241379310345,0.4631578947368421,0.5478927203065134,0.4473684210526316,1
3,13,16,13,0.4161490683229814,0.5067873303167421,0.4968944099378882,0.5429864253393665,0
16,18,23,16,0.48333333333333334,0.4835164835164835,0.4708333333333333,0.4835164835164835,1
13,8,44,8,0.5067873303167421,0.5219123505976095,0.5429864253393665,0.4860557768924303,1
3,0,16,0,0.4161490683229814,0.5798319327731093,0.4968944099378882,0.5126050420168067,0
10,16,55,16,0.5517241379310345,0.48333333333333334,0.5478927203065134,0.4708333333333333,1
3,8,16,3,0.4161490683229814,0.5219123505976095,0.4968944099378882,0.4860557768924303,0
6,0,2,0,0.4631578947368421,0.5798319327731093,0.4473684210526316,0.5126050420168067,1
13,18,44,13,0.5067873303167421,0.4835164835164835,0.5429864253393665,0.4835164835164835,0
16,6,23,16,0.48333333333333334,0.4631578947368421,0.4708333333333333,0.4473684210526316,0
3,18,16,18,0.4161490683229814,0.4835164835164835,0.4968944099378882,0.4835164835164835,0
10,0,55,0,0.5517241379310345,0.5798319327731093,0.5478927203065134,0.5126050420168067,0
6,8,2,8,0.4631578947368421,0.5219123505976095,0.4473684210526316,0.4860557768924303,0
16,13,23,16,0.48333333333333334,0.5067873303167421,0.4708333333333333,0.5429864253393665,0
18,10,42,18,0.4835164835164835,0.5517241379310345,0.4835164835164835,0.5478927203065134,0
0,13,21,13,0.5798319327731093,0.5067873303167421,0.5126050420168067,0.5429864253393665,1
16,3,23,3,0.48333333333333334,0.4161490683229814,0.4708333333333333,0.4968944099378882,1
18,6,42,6,0.4835164835164835,0.4631578947368421,0.4835164835164835,0.4473684210526316,0
8,10,2,8,0.5219123505976095,0.5517241379310345,0.4860557768924303,0.5478927203065134,1
13,3,44,3,0.5067873303167421,0.4161490683229814,0.5429864253393665,0.4968944099378882,1
0,16,21,0,0.5798319327731093,0.48333333333333334,0.5126050420168067,0.4708333333333333,0
18,8,42,18,0.4835164835164835,0.5219123505976095,0.4835164835164835,0.4860557768924303,0
13,10,44,10,0.5067873303167421,0.5517241379310345,0.5429864253393665,0.5478927203065134,0
3,6,16,6,0.4161490683229814,0.4631578947368421,0.4968944099378882,0.4473684210526316,0
18,16,42,16,0.4835164835164835,0.48333333333333334,0.4835164835164835,0.4708333333333333,1
8,0,14,8,0.5219123505976095,0.5798319327731093,0.4860557768924303,0.5126050420168067,1
6,10,40,10,0.4631578947368421,0.5517241379310345,0.4473684210526316,0.5478927203065134,0
8,16,14,16,0.5219123505976095,0.48333333333333334,0.4860557768924303,0.4708333333333333,1
0,18,21,18,0.5798319327731093,0.4835164835164835,0.5126050420168067,0.4835164835164835,0
10,3,55,3,0.5517241379310345,0.4161490683229814,0.5478927203065134,0.4968944099378882,1
6,13,40,13,0.4631578947368421,0.5067873303167421,0.4473684210526316,0.5429864253393665,1
16,0,23,0,0.48333333333333334,0.5798319327731093,0.4708333333333333,0.5126050420168067,0
8,18,14,8,0.5219123505976095,0.4835164835164835,0.4860557768924303,0.4835164835164835,1
6,3,40,6,0.4631578947368421,0.4161490683229814,0.4473684210526316,0.4968944099378882,1
10,13,55,10,0.5517241379310345,0.5067873303167421,0.5478927203065134,0.5429864253393665,1
6,8,14,6,0.4631578947368421,0.5219123505976095,0.4473684210526316,0.4860557768924303,0
0,10,5,0,0.5798319327731093,0.5517241379310345,0.5126050420168067,0.5478927203065134,1
0,6,55,0,0.5798319327731093,0.4631578947368421,0.5126050420168067,0.4473684210526316,0
8,6,23,8,0.5219123505976095,0.4631578947368421,0.4860557768924303,0.4473684210526316,1
8,10,14,8,0.5219123505976095,0.5517241379310345,0.4860557768924303,0.5478927203065134,1
0,3,27,3,0.5798319327731093,0.4161490683229814,0.5126050420168067,0.4968944099378882,1
6,13,30,6,0.4631578947368421,0.5067873303167421,0.4473684210526316,0.5429864253393665,0
0,18,27,0,0.5798319327731093,0.4835164835164835,0.5126050420168067,0.4835164835164835,1
8,16,14,16,0.5219123505976095,0.48333333333333334,0.4860557768924303,0.4708333333333333,0
3,13,16,13,0.4161490683229814,0.5067873303167421,0.4968944099378882,0.5429864253393665,0
10,6,55,10,0.5517241379310345,0.4631578947368421,0.5478927203065134,0.4473684210526316,0
16,18,23,18,0.48333333333333334,0.4835164835164835,0.4708333333333333,0.4835164835164835,0
13,10,44,10,0.5067873303167421,0.5517241379310345,0.5429864253393665,0.5478927203065134,1
6,3,30,6,0.4631578947368421,0.4161490683229814,0.4473684210526316,0.4968944099378882,0
18,13,11,13,0.4835164835164835,0.5067873303167421,0.4835164835164835,0.5429864253393665,0
10,0,55,10,0.5517241379310345,0.5798319327731093,0.5478927203065134,0.5126050420168067,0
18,3,11,3,0.4835164835164835,0.4161490683229814,0.4835164835164835,0.4968944099378882,0
6,8,30,8,0.4631578947368421,0.5219123505976095,0.4473684210526316,0.4860557768924303,0
13,0,44,0,0.5067873303167421,0.5798319327731093,0.5429864253393665,0.5126050420168067,1
16,10,23,16,0.48333333333333334,0.5517241379310345,0.4708333333333333,0.5478927203065134,0
3,8,16,8,0.4161490683229814,0.5219123505976095,0.4968944099378882,0.4860557768924303,0
13,6,44,6,0.5067873303167421,0.4631578947368421,0.5429864253393665,0.4473684210526316,0
18,8,11,8,0.4835164835164835,0.5219123505976095,0.4835164835164835,0.4860557768924303,1
16,0,23,16,0.48333333333333334,0.5798319327731093,0.4708333333333333,0.5126050420168067,0
3,10,16,10,0.4161490683229814,0.5517241379310345,0.4968944099378882,0.5478927203065134,1
13,16,44,16,0.5067873303167421,0.48333333333333334,0.5429864253393665,0.4708333333333333,0
10,18,55,10,0.5517241379310345,0.4835164835164835,0.5478927203065134,0.4835164835164835,1
0,6,27,0,0.5798319327731093,0.4631578947368421,0.5126050420168067,0.4473684210526316,1
3,16,16,16,0.4161490683229814,0.48333333333333334,0.4968944099378882,0.4708333333333333,0
6,18,40,6,0.4631578947368421,0.4835164835164835,0.4473684210526316,0.4835164835164835,0
0,8,27,8,0.5798319327731093,0.5219123505976095,0.5126050420168067,0.4860557768924303,1
16,13,23,13,0.48333333333333334,0.5067873303167421,0.4708333333333333,0.5429864253393665,0
8,0,14,8,0.5219123505976095,0.5798319327731093,0.4860557768924303,0.5126050420168067,1
3,6,16,3,0.4161490683229814,0.4631578947368421,0.4968944099378882,0.4473684210526316,1
10,13,55,13,0.5517241379310345,0.5067873303167421,0.5478927203065134,0.5429864253393665,1
16,8,23,16,0.48333333333333334,0.5219123505976095,0.4708333333333333,0.4860557768924303,1
18,0,42,0,0.4835164835164835,0.5798319327731093,0.4835164835164835,0.5126050420168067,1
6,10,40,10,0.4631578947368421,0.5517241379310345,0.4473684210526316,0.5478927203065134,0
13,3,5,3,0.5067873303167421,0.4161490683229814,0.5429864253393665,0.4968944099378882,1
0,16,27,0,0.5798319327731093,0.48333333333333334,0.5126050420168067,0.4708333333333333,1
8,18,14,18,0.5219123505976095,0.4835164835164835,0.4860557768924303,0.4835164835164835,1
10,3,55,3,0.5517241379310345,0.4161490683229814,0.5478927203065134,0.4968944099378882,1
16,6,23,6,0.48333333333333334,0.4631578947368421,0.4708333333333333,0.4473684210526316,1
8,3,14,8,0.5219123505976095,0.4161490683229814,0.4860557768924303,0.4968944099378882,1
13,18,5,13,0.5067873303167421,0.4835164835164835,0.5429864253393665,0.4835164835164835,0
0,10,27,0,0.5798319327731093,0.5517241379310345,0.5126050420168067,0.5478927203065134,0
8,6,14,6,0.5219123505976095,0.4631578947368421,0.4860557768924303,0.4473684210526316,1
3,18,48,18,0.4161490683229814,0.4835164835164835,0.4968944099378882,0.4835164835164835,0
10,16,55,16,0.5517241379310345,0.48333333333333334,0.5478927203065134,0.4708333333333333,0
0,13,27,0,0.5798319327731093,0.5067873303167421,0.5126050420168067,0.5429864253393665,1
18,6,42,18,0.4835164835164835,0.4631578947368421,0.4835164835164835,0.4473684210526316,1
3,0,48,0,0.4161490683229814,0.5798319327731093,0.4968944099378882,0.5126050420168067,1
6,16,40,16,0.4631578947368421,0.48333333333333334,0.4473684210526316,0.4708333333333333,1
10,8,55,8,0.5517241379310345,0.5219123505976095,0.5478927203065134,0.4860557768924303,1
18,16,42,18,0.4835164835164835,0.48333333333333334,0.4835164835164835,0.4708333333333333,0
6,0,40,6,0.4631578947368421,0.5798319327731093,0.4473684210526316,0.5126050420168067,0
13,8,5,13,0.5067873303167421,0.5219123505976095,0.5429864253393665,0.4860557768924303,1
16,3,23,16,0.48333333333333334,0.4161490683229814,0.4708333333333333,0.4968944099378882,0
18,10,42,18,0.4835164835164835,0.5517241379310345,0.4835164835164835,0.5478927203065134,0
0,10,55,10,0.5798319327731093,0.5517241379310345,0.5126050420168067,0.5478927203065134,0
16,13,30,16,0.48333333333333334,0.5067873303167421,0.4708333333333333,0.5429864253393665,1
0,16,21,0,0.5798319327731093,0.48333333333333334,0.5126050420168067,0.4708333333333333,1
10,0,14,0,0.5517241379310345,0.5798319327731093,0.5478927203065134,0.5126050420168067,1
10,15,55,10,0.5517241379310345,0.35714285714285715,0.5478927203065134,0.5,0
8,3,14,8,0.5219123505976095,0.4161490683229814,0.4860557768924303,0.4968944099378882,1
6,4,38,4,0.4631578947368421,0.43333333333333335,0.4473684210526316,0.5,0
16,18,23,18,0.48333333333333334,0.4835164835164835,0.4708333333333333,0.4835164835164835,1
8,10,14,10,0.5219123505976095,0.5517241379310345,0.4860557768924303,0.5478927203065134,0
4,15,45,15,0.43333333333333335,0.35714285714285715,0.5,0.5,1
3,6,16,3,0.4161490683229814,0.4631578947368421,0.4968944099378882,0.4473684210526316,1
18,8,42,18,0.4835164835164835,0.5219123505976095,0.4835164835164835,0.4860557768924303,0
10,4,55,4,0.5517241379310345,0.43333333333333335,0.5478927203065134,0.5,0
6,15,38,15,0.4631578947368421,0.35714285714285715,0.4473684210526316,0.5,1
16,3,23,3,0.48333333333333334,0.4161490683229814,0.4708333333333333,0.4968944099378882,0
18,10,42,18,0.4835164835164835,0.5517241379310345,0.4835164835164835,0.5478927203065134,1
6,8,38,8,0.4631578947368421,0.5219123505976095,0.4473684210526316,0.4860557768924303,0
10,16,55,10,0.5517241379310345,0.48333333333333334,0.5478927203065134,0.4708333333333333,1
4,18,45,18,0.43333333333333335,0.4835164835164835,0.5,0.4835164835164835,0
15,16,30,15,0.35714285714285715,0.48333333333333334,0.5,0.4708333333333333,0
3,10,16,10,0.4161490683229814,0.5517241379310345,0.4968944099378882,0.5478927203065134,1
18,6,42,18,0.4835164835164835,0.4631578947368421,0.4835164835164835,0.4473684210526316,1
4,16,45,16,0.43333333333333335,0.48333333333333334,0.5,0.4708333333333333,1
15,8,30,8,0.35714285714285715,0.5219123505976095,0.5,0.4860557768924303,0
6,10,38,6,0.4631578947368421,0.5517241379310345,0.4473684210526316,0.5478927203065134,0
18,15,42,15,0.4835164835164835,0.35714285714285715,0.4835164835164835,0.5,0
3,4,16,3,0.4161490683229814,0.43333333333333335,0.4968944099378882,0.5,0
10,8,55,10,0.5517241379310345,0.5219123505976095,0.5478927203065134,0.4860557768924303,1
15,4,30,4,0.35714285714285715,0.43333333333333335,0.5,0.5,0
3,8,16,8,0.4161490683229814,0.5219123505976095,0.4968944099378882,0.4860557768924303,1
18,16,42,16,0.4835164835164835,0.48333333333333334,0.4835164835164835,0.4708333333333333,1
4,6,45,4,0.43333333333333335,0.4631578947368421,0.5,0.4473684210526316,0
15,10,30,10,0.35714285714285715,0.5517241379310345,0.5,0.5478927203065134,0
16,8,23,8,0.48333333333333334,0.5219123505976095,0.4708333333333333,0.4860557768924303,0
4,3,45,3,0.43333333333333335,0.4161490683229814,0.5,0.4968944099378882,0
8,6,14,6,0.5219123505976095,0.4631578947368421,0.4860557768924303,0.4473684210526316,1
3,15,16,15,0.4161490683229814,0.35714285714285715,0.4968944099378882,0.5,0
18,4,42,18,0.4835164835164835,0.43333333333333335,0.4835164835164835,0.5,1
16,15,23,16,0.48333333333333334,0.35714285714285715,0.4708333333333333,0.5,1
6,3,38,3,0.4631578947368421,0.4161490683229814,0.4473684210526316,0.4968944099378882,1
10,18,11,10,0.5517241379310345,0.4835164835164835,0.5478927203065134,0.4835164835164835,0
8,4,14,4,0.5219123505976095,0.43333333333333335,0.4860557768924303,0.5,0
6,16,38,6,0.4631578947368421,0.48333333333333334,0.4473684210526316,0.4708333333333333,0
15,18,11,18,0.35714285714285715,0.4835164835164835,0.5,0.4835164835164835,0
16,10,23,10,0.48333333333333334,0.5517241379310345,0.4708333333333333,0.5478927203065134,0
18,3,42,3,0.4835164835164835,0.4161490683229814,0.4835164835164835,0.4968944099378882,0
10,6,11,10,0.5517241379310345,0.4631578947368421,0.5478927203065134,0.4473684210526316,0
16,4,23,4,0.48333333333333334,0.43333333333333335,0.4708333333333333,0.5,1
8,15,14,15,0.5219123505976095,0.35714285714285715,0.4860557768924303,0.5,1
6,18,38,6,0.4631578947368421,0.4835164835164835,0.4473684210526316,0.4835164835164835,0
10,3,11,3,0.5517241379310345,0.4161490683229814,0.5478927203065134,0.4968944099378882,1
8,16,14,16,0.5219123505976095,0.48333333333333334,0.4860557768924303,0.4708333333333333,0
15,3,11,15,0.35714285714285715,0.4161490683229814,0.5,0.4968944099378882,1
16,6,23,6,0.48333333333333334,0.4631578947368421,0.4708333333333333,0.4473684210526316,1
4,8,17,4,0.43333333333333335,0.5219123505976095,0.5,0.4860557768924303,1
3,18,48,3,0.4161490683229814,0.4835164835164835,0.4968944099378882,0.4835164835164835,1
15,6,11,6,0.35714285714285715,0.4631578947368421,0.5,0.4473684210526316,1
4,10,17,4,0.43333333333333335,0.5517241379310345,0.5,0.5478927203065134,1
8,18,14,18,0.5219123505976095,0.4835164835164835,0.4860557768924303,0.4835164835164835,1
3,16,48,16,0.4161490683229814,0.48333333333333334,0.4968944099378882,0.4708333333333333,0
4,16,23,16,0.43333333333333335,0.48333333333333334,0.5,0.4708333333333333,0
18,8,16,8,0.4835164835164835,0.5219123505976095,0.4835164835164835,0.4860557768924303,1
4,18,16,18,0.43333333333333335,0.4835164835164835,0.5,0.4835164835164835,0
16,18,23,18,0.48333333333333334,0.4835164835164835,0.4708333333333333,0.4835164835164835,0
18,16,42,16,0.4835164835164835,0.48333333333333334,0.4835164835164835,0.4708333333333333,1
14,10,30,14,0.625,0.5517241379310345,0.375,0.5478927203065134,1
4,8,45,8,0.43333333333333335,0.5219123505976095,0.5,0.4860557768924303,0
6,14,20,6,0.4631578947368421,0.625,0.4473684210526316,0.375,1
16,3,25,16,0.48333333333333334,0.4161490683229814,0.4708333333333333,0.4968944099378882,1
18,4,42,18,0.4835164835164835,0.43333333333333335,0.4835164835164835,0.5,1
10,8,55,10,0.5517241379310345,0.5219123505976095,0.5478927203065134,0.4860557768924303,1
6,16,20,16,0.4631578947368421,0.48333333333333334,0.4473684210526316,0.4708333333333333,1
14,3,30,14,0.625,0.4161490683229814,0.375,0.4968944099378882,0
10,18,55,10,0.5517241379310345,0.4835164835164835,0.5478927203065134,0.4835164835164835,1
8,6,14,8,0.5219123505976095,0.4631578947368421,0.4860557768924303,0.4473684210526316,1
16,10,23,10,0.48333333333333334,0.5517241379310345,0.4708333333333333,0.5478927203065134,0
4,14,45,4,0.43333333333333335,0.625,0.5,0.375,1
8,18,14,18,0.5219123505976095,0.4835164835164835,0.4860557768924303,0.4835164835164835,1
3,6,16,3,0.4161490683229814,0.4631578947368421,0.4968944099378882,0.4473684210526316,1
10,4,55,10,0.5517241379310345,0.43333333333333335,0.5478927203065134,0.5,1
16,14,23,16,0.48333333333333334,0.625,0.4708333333333333,0.375,0
3,8,16,3,0.4161490683229814,0.5219123505976095,0.4968944099378882,0.4860557768924303,0
18,6,42,6,0.4835164835164835,0.4631578947368421,0.4835164835164835,0.4473684210526316,1
4,16,45,4,0.43333333333333335,0.48333333333333334,0.5,0.4708333333333333,0
18,3,42,18,0.4835164835164835,0.4161490683229814,0.4835164835164835,0.4968944099378882,1
6,10,20,10,0.4631578947368421,0.5517241379310345,0.4473684210526316,0.5478927203065134,0
8,4,14,4,0.5219123505976095,0.43333333333333335,0.4860557768924303,0.5,0
10,3,55,3,0.5517241379310345,0.4161490683229814,0.5478927203065134,0.4968944099378882,1
14,18,30,14,0.625,0.4835164835164835,0.375,0.4835164835164835,1
4,6,45,4,0.43333333333333335,0.4631578947368421,0.5,0.4473684210526316,0
8,16,14,16,0.5219123505976095,0.48333333333333334,0.4860557768924303,0.4708333333333333,1
10,14,55,10,0.5517241379310345,0.625,0.5478927203065134,0.375,0
14,8,30,8,0.625,0.5219123505976095,0.375,0.4860557768924303,0
16,4,23,4,0.48333333333333334,0.43333333333333335,0.4708333333333333,0.5,0
8,3,14,8,0.5219123505976095,0.4161490683229814,0.4860557768924303,0.4968944099378882,1
6,18,38,6,0.4631578947368421,0.4835164835164835,0.4473684210526316,0.4835164835164835,0
14,16,30,16,0.625,0.48333333333333334,0.375,0.4708333333333333,1
4,10,45,4,0.43333333333333335,0.5517241379310345,0.5,0.5478927203065134,0
6,3,38,6,0.4631578947368421,0.4161490683229814,0.4473684210526316,0.4968944099378882,1
18,8,42,8,0.4835164835164835,0.5219123505976095,0.4835164835164835,0.4860557768924303,1
10,16,55,16,0.5517241379310345,0.48333333333333334,0.5478927203065134,0.4708333333333333,1
14,4,30,14,0.625,0.43333333333333335,0.375,0.5,1
3,18,16,3,0.4161490683229814,0.4835164835164835,0.4968944099378882,0.4835164835164835,1
8,14,14,14,0.5219123505976095,0.625,0.4860557768924303,0.375,0
3,4,16,3,0.4161490683229814,0.43333333333333335,0.4968944099378882,0.5,1
16,6,23,16,0.48333333333333334,0.4631578947368421,0.4708333333333333,0.4473684210526316,0
18,14,42,18,0.4835164835164835,0.625,0.4835164835164835,0.375,0
3,10,16,3,0.4161490683229814,0.5517241379310345,0.4968944099378882,0.5478927203065134,0
16,8,23,8,0.48333333333333334,0.5219123505976095,0.4708333333333333,0.4860557768924303,0
6,4,38,4,0.4631578947368421,0.43333333333333335,0.4473684210526316,0.5,0
18,10,42,10,0.4835164835164835,0.5517241379310345,0.4835164835164835,0.5478927203065134,1
6,8,38,8,0.4631578947368421,0.5219123505976095,0.4473684210526316,0.4860557768924303,1
4,3,17,3,0.43333333333333335,0.4161490683229814,0.5,0.4968944099378882,0
10,6,55,10,0.5517241379310345,0.4631578947368421,0.5478927203065134,0.4473684210526316,0
3,14,16,3,0.4161490683229814,0.625,0.4968944099378882,0.375,1
4,18,17,18,0.43333333333333335,0.4835164835164835,0.5,0.4835164835164835,0
8,10,14,8,0.5219123505976095,0.5517241379310345,0.4860557768924303,0.5478927203065134,0
14,6,30,14,0.625,0.4631578947368421,0.375,0.4473684210526316,1
3,16,16,16,0.4161490683229814,0.48333333333333334,0.4968944099378882,0.4708333333333333,0
10,14,55,10,0.5517241379310345,0.625,0.5478927203065134,0.375,0
18,8,23,8,0.4835164835164835,0.5219123505976095,0.4835164835164835,0.4860557768924303,0
10,8,23,10,0.5517241379310345,0.5219123505976095,0.5478927203065134,0.4860557768924303,1
10,14,42,10,0.5517241379310345,0.625,0.5478927203065134,0.375,1
10,0,55,0,0.5517241379310345,0.5798319327731093,0.5478927203065134,0.5126050420168067,0
3,6,37,6,0.4161490683229814,0.4631578947368421,0.4968944099378882,0.4473684210526316,0
16,8,14,8,0.48333333333333334,0.5219123505976095,0.4708333333333333,0.4860557768924303,0
13,18,41,18,0.5067873303167421,0.4835164835164835,0.5429864253393665,0.4835164835164835,0
8,0,26,0,0.5219123505976095,0.5798319327731093,0.4860557768924303,0.5126050420168067,0
13,3,46,3,0.5067873303167421,0.4161490683229814,0.5429864253393665,0.4968944099378882,1
10,18,41,18,0.5517241379310345,0.4835164835164835,0.5478927203065134,0.4835164835164835,0
6,16,25,16,0.4631578947368421,0.48333333333333334,0.4473684210526316,0.4708333333333333,0
10,3,55,3,0.5517241379310345,0.4161490683229814,0.5478927203065134,0.4968944099378882,0
8,18,14,18,0.5219123505976095,0.4835164835164835,0.4860557768924303,0.4835164835164835,0
13,16,25,16,0.5067873303167421,0.48333333333333334,0.5429864253393665,0.4708333333333333,1
6,0,37,0,0.4631578947368421,0.5798319327731093,0.4473684210526316,0.5126050420168067,1
8,3,14,3,0.5219123505976095,0.4161490683229814,0.4860557768924303,0.4968944099378882,1
10,16,55,16,0.5517241379310345,0.48333333333333334,0.5478927203065134,0.4708333333333333,1
13,8,46,8,0.5067873303167421,0.5219123505976095,0.5429864253393665,0.4860557768924303,0
6,18,37,6,0.4631578947368421,0.4835164835164835,0.4473684210526316,0.4835164835164835,1
0,13,30,13,0.5798319327731093,0.5067873303167421,0.5126050420168067,0.5429864253393665,1
8,6,14,6,0.5219123505976095,0.4631578947368421,0.4860557768924303,0.4473684210526316,0
3,16,25,16,0.4161490683229814,0.48333333333333334,0.4968944099378882,0.4708333333333333,0
0,18,41,18,0.5798319327731093,0.4835164835164835,0.5126050420168067,0.4835164835164835,1
10,13,46,10,0.5517241379310345,0.5067873303167421,0.5478927203065134,0.5429864253393665,0
6,3,0,3,0.4631578947368421,0.4161490683229814,0.4473684210526316,0.4968944099378882,1
18,10,55,10,0.4835164835164835,0.5517241379310345,0.4835164835164835,0.5478927203065134,1
16,0,25,0,0.48333333333333334,0.5798319327731093,0.4708333333333333,0.5126050420168067,0
18,6,41,6,0.4835164835164835,0.4631578947368421,0.4835164835164835,0.4473684210526316,1
3,8,0,8,0.4161490683229814,0.5219123505976095,0.4968944099378882,0.4860557768924303,1
0,10,30,10,0.5798319327731093,0.5517241379310345,0.5126050420168067,0.5478927203065134,0
18,13,46,18,0.4835164835164835,0.5067873303167421,0.4835164835164835,0.5429864253393665,1
16,8,25,8,0.48333333333333334,0.5219123505976095,0.4708333333333333,0.4860557768924303,0
0,3,30,3,0.5798319327731093,0.4161490683229814,0.5126050420168067,0.4968944099378882,1
16,10,25,10,0.48333333333333334,0.5517241379310345,0.4708333333333333,0.5478927203065134,1
3,13,0,13,0.4161490683229814,0.5067873303167421,0.4968944099378882,0.5429864253393665,1
0,8,14,8,0.5798319327731093,0.5219123505976095,0.5126050420168067,0.4860557768924303,0
6,10,20,10,0.4631578947368421,0.5517241379310345,0.4473684210526316,0.5478927203065134,0
16,0,30,0,0.48333333333333334,0.5798319327731093,0.4708333333333333,0.5126050420168067,0
3,18,41,3,0.4161490683229814,0.4835164835164835,0.4968944099378882,0.4835164835164835,0
10,8,55,8,0.5517241379310345,0.5219123505976095,0.5478927203065134,0.4860557768924303,1
13,6,20,6,0.5067873303167421,0.4631578947368421,0.5429864253393665,0.4473684210526316,0
18,16,41,16,0.4835164835164835,0.48333333333333334,0.4835164835164835,0.4708333333333333,1
13,6,46,13,0.5067873303167421,0.4631578947368421,0.5429864253393665,0.4473684210526316,1
10,8,14,8,0.5517241379310345,0.5219123505976095,0.5478927203065134,0.4860557768924303,1
3,18,0,3,0.4161490683229814,0.4835164835164835,0.4968944099378882,0.4835164835164835,0
0,13,46,0,0.5798319327731093,0.5067873303167421,0.5126050420168067,0.5429864253393665,0
8,6,20,6,0.5219123505976095,0.4631578947368421,0.4860557768924303,0.4473684210526316,1
3,16,0,16,0.4161490683229814,0.48333333333333334,0.4968944099378882,0.4708333333333333,0
18,0,30,0,0.4835164835164835,0.5798319327731093,0.4835164835164835,0.5126050420168067,0
10,13,55,13,0.5517241379310345,0.5067873303167421,0.5478927203065134,0.5429864253393665,0
6,16,20,16,0.4631578947368421,0.48333333333333334,0.4473684210526316,0.4708333333333333,0
13,8,14,8,0.5067873303167421,0.5219123505976095,0.5429864253393665,0.4860557768924303,0
10,6,55,6,0.5517241379310345,0.4631578947368421,0.5478927203065134,0.4473684210526316,1
16,18,25,18,0.48333333333333334,0.4835164835164835,0.4708333333333333,0.4835164835164835,1
3,0,0,0,0.4161490683229814,0.5798319327731093,0.4968944099378882,0.5126050420168067,1
13,16,46,13,0.5067873303167421,0.48333333333333334,0.5429864253393665,0.4708333333333333,1
18,8,41,18,0.4835164835164835,0.5219123505976095,0.4835164835164835,0.4860557768924303,0
3,10,0,3,0.4161490683229814,0.5517241379310345,0.4968944099378882,0.5478927203065134,1
6,0,30,0,0.4631578947368421,0.5798319327731093,0.4473684210526316,0.5126050420168067,0
18,0,55,0,0.4835164835164835,0.5798319327731093,0.4835164835164835,0.5126050420168067,0
8,13,14,13,0.5219123505976095,0.5067873303167421,0.4860557768924303,0.5429864253393665,1
18,8,14,8,0.4835164835164835,0.5219123505976095,0.4835164835164835,0.4860557768924303,1
18,0,55,0,0.4835164835164835,0.5798319327731093,0.4835164835164835,0.5126050420168067,0
16,0,26,0,0.48333333333333334,0.5798319327731093,0.4708333333333333,0.5126050420168067,0
18,8,14,8,0.4835164835164835,0.5219123505976095,0.4835164835164835,0.4860557768924303,0
2,10,55,10,0.5274725274725275,0.5517241379310345,0.5494505494505495,0.5478927203065134,1
6,13,46,13,0.4631578947368421,0.5067873303167421,0.4473684210526316,0.5429864253393665,1
2,0,0,2,0.5274725274725275,0.5798319327731093,0.5494505494505495,0.5126050420168067,0
8,6,14,6,0.5219123505976095,0.4631578947368421,0.4860557768924303,0.4473684210526316,1
10,16,25,16,0.5517241379310345,0.48333333333333334,0.5478927203065134,0.4708333333333333,1
13,18,41,13,0.5067873303167421,0.4835164835164835,0.5429864253393665,0.4835164835164835,0
10,6,37,6,0.5517241379310345,0.4631578947368421,0.5478927203065134,0.4473684210526316,0
8,2,0,2,0.5219123505976095,0.5274725274725275,0.4860557768924303,0.5494505494505495,0
18,16,41,16,0.4835164835164835,0.48333333333333334,0.4835164835164835,0.4708333333333333,1
0,13,26,13,0.5798319327731093,0.5067873303167421,0.5126050420168067,0.5429864253393665,1
6,2,37,2,0.4631578947368421,0.5274725274725275,0.4473684210526316,0.5494505494505495,1
16,13,46,13,0.48333333333333334,0.5067873303167421,0.4708333333333333,0.5429864253393665,0
10,0,55,0,0.5517241379310345,0.5798319327731093,0.5478927203065134,0.5126050420168067,1
2,18,0,18,0.5274725274725275,0.4835164835164835,0.5494505494505495,0.4835164835164835,0
16,8,25,8,0.48333333333333334,0.5219123505976095,0.4708333333333333,0.4860557768924303,0
0,6,26,0,0.5798319327731093,0.4631578947368421,0.5126050420168067,0.4473684210526316,1
10,18,41,18,0.5517241379310345,0.4835164835164835,0.5478927203065134,0.4835164835164835,1
16,2,25,2,0.48333333333333334,0.5274725274725275,0.4708333333333333,0.5494505494505495,0
13,8,46,8,0.5067873303167421,0.5219123505976095,0.5429864253393665,0.4860557768924303,0
18,6,37,6,0.4835164835164835,0.4631578947368421,0.4835164835164835,0.4473684210526316,0
8,0,26,0,0.5219123505976095,0.5798319327731093,0.4860557768924303,0.5126050420168067,0
6,10,55,10,0.4631578947368421,0.5517241379310345,0.4473684210526316,0.5478927203065134,0
13,0,46,0,0.5067873303167421,0.5798319327731093,0.5429864253393665,0.5126050420168067,0
8,2,14,2,0.5219123505976095,0.5274725274725275,0.4860557768924303,0.5494505494505495,0
10,13,55,13,0.5517241379310345,0.5067873303167421,0.5478927203065134,0.5429864253393665,0
6,16,37,16,0.4631578947368421,0.48333333333333334,0.4473684210526316,0.4708333333333333,0
8,0,14,0,0.5219123505976095,0.5798319327731093,0.4860557768924303,0.5126050420168067,0
2,18,41,18,0.5274725274725275,0.4835164835164835,0.5494505494505495,0.4835164835164835,1
16,10,55,10,0.48333333333333334,0.5517241379310345,0.4708333333333333,0.5478927203065134,0
6,13,37,13,0.4631578947368421,0.5067873303167421,0.4473684210526316,0.5429864253393665,1
0,18,41,0,0.5798319327731093,0.4835164835164835,0.5126050420168067,0.4835164835164835,0
10,2,0,10,0.5517241379310345,0.5274725274725275,0.5478927203065134,0.5494505494505495,1
16,8,14,8,0.48333333333333334,0.5219123505976095,0.4708333333333333,0.4860557768924303,1
10,13,46,13,0.5517241379310345,0.5067873303167421,0.5478927203065134,0.5429864253393665,0
6,2,0,2,0.4631578947368421,0.5274725274725275,0.4473684210526316,0.5494505494505495,0
8,18,41,18,0.5219123505976095,0.4835164835164835,0.4860557768924303,0.4835164835164835,0
16,0,25,0,0.48333333333333334,0.5798319327731093,0.4708333333333333,0.5126050420168067,1
13,2,46,2,0.5067873303167421,0.5274725274725275,0.5429864253393665,0.5494505494505495,0
18,0,26,0,0.4835164835164835,0.5798319327731093,0.4835164835164835,0.5126050420168067,0
16,6,25,6,0.48333333333333334,0.4631578947368421,0.4708333333333333,0.4473684210526316,1
8,13,14,13,0.5219123505976095,0.5067873303167421,0.4860557768924303,0.5429864253393665,0
10,0,26,0,0.5517241379310345,0.5798319327731093,0.5478927203065134,0.5126050420168067,1
18,13,46,13,0.4835164835164835,0.5067873303167421,0.4835164835164835,0.5429864253393665,0
2,16,0,2,0.5274725274725275,0.48333333333333334,0.5494505494505495,0.4708333333333333,1
8,10,14,10,0.5219123505976095,0.5517241379310345,0.4860557768924303,0.5478927203065134,1
18,6,41,6,0.4835164835164835,0.4631578947368421,0.4835164835164835,0.4473684210526316,1
16,13,25,13,0.48333333333333334,0.5067873303167421,0.4708333333333333,0.5429864253393665,0
0,2,26,2,0.5798319327731093,0.5274725274725275,0.5126050420168067,0.5494505494505495,1
10,18,55,10,0.5517241379310345,0.4835164835164835,0.5478927203065134,0.4835164835164835,1
6,8,37,8,0.4631578947368421,0.5219123505976095,0.4473684210526316,0.4860557768924303,0
13,2,0,13,0.5067873303167421,0.5274725274725275,0.5429864253393665,0.5494505494505495,0
18,16,25,16,0.4835164835164835,0.48333333333333334,0.4835164835164835,0.4708333333333333,0
0,6,37,6,0.5798319327731093,0.4631578947368421,0.5126050420168067,0.4473684210526316,0
8,10,55,10,0.5219123505976095,0.5517241379310345,0.4860557768924303,0.5478927203065134,0
0,10,26,0,0.5798319327731093,0.5517241379310345,0.5126050420168067,0.5478927203065134,0
18,2,11,2,0.4835164835164835,0.5274725274725275,0.4835164835164835,0.5494505494505495,0
2,0,11,0,0.5274725274725275,0.5798319327731093,0.5494505494505495,0.5126050420168067,0
10,0,41,10,0.5517241379310345,0.5798319327731093,0.5478927203065134,0.5126050420168067,1
10,0,50,0,0.5517241379310345,0.5798319327731093,0.5478927203065134,0.5126050420168067,0
2,6,13,6,0.5274725274725275,0.4631578947368421,0.5494505494505495,0.4473684210526316,1
16,18,13,18,0.48333333333333334,0.4835164835164835,0.4708333333333333,0.4835164835164835,1
13,0,49,0,0.5067873303167421,0.5798319327731093,0.5429864253393665,0.5126050420168067,1
10,8,50,8,0.5517241379310345,0.5219123505976095,0.5478927203065134,0.4860557768924303,1
6,16,13,16,0.4631578947368421,0.48333333333333334,0.4473684210526316,0.4708333333333333,1
2,0,13,0,0.5274725274725275,0.5798319327731093,0.5494505494505495,0.5126050420168067,1
18,8,50,18,0.4835164835164835,0.5219123505976095,0.4835164835164835,0.4860557768924303,0
6,13,49,13,0.4631578947368421,0.5067873303167421,0.4473684210526316,0.5429864253393665,0
16,10,13,10,0.48333333333333334,0.5517241379310345,0.4708333333333333,0.5478927203065134,1
18,2,50,2,0.4835164835164835,0.5274725274725275,0.4835164835164835,0.5494505494505495,1
8,13,13,13,0.5219123505976095,0.5067873303167421,0.4860557768924303,0.5429864253393665,1
10,6,50,6,0.5517241379310345,0.4631578947368421,0.5478927203065134,0.4473684210526316,1
18,0,13,18,0.4835164835164835,0.5798319327731093,0.4835164835164835,0.5126050420168067,1
13,16,50,13,0.5067873303167421,0.48333333333333334,0.5429864253393665,0.4708333333333333,0
2,8,49,8,0.5274725274725275,0.5219123505976095,0.5494505494505495,0.4860557768924303,1
6,0,13,6,0.4631578947368421,0.5798319327731093,0.4473684210526316,0.5126050420168067,0
10,18,49,10,0.5517241379310345,0.4835164835164835,0.5478927203065134,0.4835164835164835,1
2,16,13,16,0.5274725274725275,0.48333333333333334,0.5494505494505495,0.4708333333333333,1
10,13,50,10,0.5517241379310345,0.5067873303167421,0.5478927203065134,0.5429864253393665,1
8,0,50,8,0.5219123505976095,0.5798319327731093,0.4860557768924303,0.5126050420168067,1
18,6,13,18,0.4835164835164835,0.4631578947368421,0.4835164835164835,0.4473684210526316,1
2,13,49,13,0.5274725274725275,0.5067873303167421,0.5494505494505495,0.5429864253393665,1
8,6,50,8,0.5219123505976095,0.4631578947368421,0.4860557768924303,0.4473684210526316,1
16,0,13,16,0.48333333333333334,0.5798319327731093,0.4708333333333333,0.5126050420168067,1
18,13,13,18,0.4835164835164835,0.5067873303167421,0.4835164835164835,0.5429864253393665,0
2,10,50,2,0.5274725274725275,0.5517241379310345,0.5494505494505495,0.5478927203065134,0
16,8,49,16,0.48333333333333334,0.5219123505976095,0.4708333333333333,0.4860557768924303,1
0,18,13,0,0.5798319327731093,0.4835164835164835,0.5126050420168067,0.4835164835164835,1
2,13,13,2,0.5274725274725275,0.5067873303167421,0.5494505494505495,0.5429864253393665,1
16,6,49,16,0.48333333333333334,0.4631578947368421,0.4708333333333333,0.4473684210526316,0
8,10,50,8,0.5219123505976095,0.5517241379310345,0.4860557768924303,0.5478927203065134,0
0,2,49,0,0.5798319327731093,0.5274725274725275,0.5126050420168067,0.5494505494505495,0
13,16,13,13,0.5067873303167421,0.48333333333333334,0.5429864253393665,0.4708333333333333,0
8,18,50,18,0.5219123505976095,0.4835164835164835,0.4860557768924303,0.4835164835164835,1
10,6,13,10,0.5517241379310345,0.4631578947368421,0.5478927203065134,0.4473684210526316,0
0,13,50,0,0.5798319327731093,0.5067873303167421,0.5126050420168067,0.5429864253393665,0
2,6,13,2,0.5274725274725275,0.4631578947368421,0.5494505494505495,0.4473684210526316,0
8,16,50,8,0.5219123505976095,0.48333333333333334,0.4860557768924303,0.4708333333333333,0
13,18,13,18,0.5067873303167421,0.4835164835164835,0.5429864253393665,0.4835164835164835,0
0,10,49,10,0.5798319327731093,0.5517241379310345,0.5126050420168067,0.5478927203065134,0
8,2,50,2,0.5219123505976095,0.5274725274725275,0.4860557768924303,0.5494505494505495,1
6,18,13,18,0.4631578947368421,0.4835164835164835,0.4473684210526316,0.4835164835164835,1
10,13,50,10,0.5517241379310345,0.5067873303167421,0.5478927203065134,0.5429864253393665,0
16,0,13,16,0.48333333333333334,0.5798319327731093,0.4708333333333333,0.5126050420168067,0
8,6,49,6,0.5219123505976095,0.4631578947368421,0.4860557768924303,0.4473684210526316,0
18,2,13,2,0.4835164835164835,0.5274725274725275,0.4835164835164835,0.5494505494505495,1
16,10,50,10,0.48333333333333334,0.5517241379310345,0.4708333333333333,0.5478927203065134,0
8,0,13,0,0.5219123505976095,0.5798319327731093,0.4860557768924303,0.5126050420168067,0
6,13,50,13,0.4631578947368421,0.5067873303167421,0.4473684210526316,0.5429864253393665,0
16,18,49,18,0.48333333333333334,0.4835164835164835,0.4708333333333333,0.4835164835164835,0
2,10,13,10,0.5274725274725275,0.5517241379310345,0.5494505494505495,0.5478927203065134,0
6,0,50,0,0.4631578947368421,0.5798319327731093,0.4473684210526316,0.5126050420168067,0
8,13,13,13,0.5219123505976095,0.5067873303167421,0.4860557768924303,0.5429864253393665,1
16,2,50,2,0.48333333333333334,0.5274725274725275,0.4708333333333333,0.5494505494505495,0
10,18,49,18,0.5517241379310345,0.4835164835164835,0.5478927203065134,0.4835164835164835,0
10,2,13,2,0.5517241379310345,0.5274725274725275,0.5478927203065134,0.5494505494505495,1
16,18,50,18,0.48333333333333334,0.4835164835164835,0.4708333333333333,0.4835164835164835,0
2,18,50,2,0.5274725274725275,0.4835164835164835,0.5494505494505495,0.4835164835164835,1
2,10,13,2,0.5274725274725275,0.5517241379310345,0.5494505494505495,0.5478927203065134,0
10,16,28,16,0.5517241379310345,0.48333333333333334,0.5478927203065134,0.4708333333333333,0
0,2,56,2,0.5798319327731093,0.5274725274725275,0.5126050420168067,0.5494505494505495,0
8,18,28,18,0.5219123505976095,0.4835164835164835,0.4860557768924303,0.4835164835164835,1
12,13,56,13,0.42857142857142855,0.5067873303167421,0.42857142857142855,0.5429864253393665,1
10,8,28,8,0.5517241379310345,0.5219123505976095,0.5478927203065134,0.4860557768924303,1
16,18,28,18,0.48333333333333334,0.4835164835164835,0.4708333333333333,0.4835164835164835,1
2,13,56,13,0.5274725274725275,0.5067873303167421,0.5494505494505495,0.5429864253393665,0
12,0,56,0,0.42857142857142855,0.5798319327731093,0.42857142857142855,0.5126050420168067,0
10,18,28,10,0.5517241379310345,0.4835164835164835,0.5478927203065134,0.4835164835164835,1
16,8,28,16,0.48333333333333334,0.5219123505976095,0.4708333333333333,0.4860557768924303,1
12,2,56,2,0.42857142857142855,0.5274725274725275,0.42857142857142855,0.5494505494505495,0
0,13,56,13,0.5798319327731093,0.5067873303167421,0.5126050420168067,0.5429864253393665,1
10,2,28,10,0.5517241379310345,0.5274725274725275,0.5478927203065134,0.5494505494505495,0
12,18,28,12,0.42857142857142855,0.4835164835164835,0.42857142857142855,0.4835164835164835,0
0,8,56,8,0.5798319327731093,0.5219123505976095,0.5126050420168067,0.4860557768924303,1
13,16,56,16,0.5067873303167421,0.48333333333333334,0.5429864253393665,0.4708333333333333,0
10,12,28,12,0.5517241379310345,0.42857142857142855,0.5478927203065134,0.42857142857142855,0
8,13,56,13,0.5219123505976095,0.5067873303167421,0.4860557768924303,0.5429864253393665,0
0,16,56,0,0.5798319327731093,0.48333333333333334,0.5126050420168067,0.4708333333333333,1
2,18,28,2,0.5274725274725275,0.4835164835164835,0.5494505494505495,0.4835164835164835,1
12,8,32,8,0.42857142857142855,0.5219123505976095,0.42857142857142855,0.4860557768924303,0
16,2,32,2,0.48333333333333334,0.5274725274725275,0.4708333333333333,0.5494505494505495,1
18,0,1,18,0.4835164835164835,0.5798319327731093,0.4835164835164835,0.5126050420168067,0
13,10,1,10,0.5067873303167421,0.5517241379310345,0.5429864253393665,0.5478927203065134,0
8,2,32,2,0.5219123505976095,0.5274725274725275,0.4860557768924303,0.5494505494505495,0
12,16,32,16,0.42857142857142855,0.48333333333333334,0.42857142857142855,0.4708333333333333,1
0,10,1,10,0.5798319327731093,0.5517241379310345,0.5126050420168067,0.5478927203065134,0
13,18,1,18,0.5067873303167421,0.4835164835164835,0.5429864253393665,0.4835164835164835,1
12,2,32,2,0.42857142857142855,0.5274725274725275,0.42857142857142855,0.5494505494505495,0
0,10,13,0,0.5798319327731093,0.5517241379310345,0.5126050420168067,0.5478927203065134,1
16,8,57,16,0.48333333333333334,0.5219123505976095,0.4708333333333333,0.4860557768924303,0
13,12,13,12,0.5067873303167421,0.42857142857142855,0.5429864253393665,0.42857142857142855,1
18,2,13,18,0.4835164835164835,0.5274725274725275,0.4835164835164835,0.5494505494505495,0
10,8,57,8,0.5517241379310345,0.5219123505976095,0.5478927203065134,0.4860557768924303,0
16,0,49,0,0.48333333333333334,0.5798319327731093,0.4708333333333333,0.5126050420168067,0
2,13,57,13,0.5274725274725275,0.5067873303167421,0.5494505494505495,0.5429864253393665,1
12,18,49,18,0.42857142857142855,0.4835164835164835,0.42857142857142855,0.4835164835164835,1
8,0,57,8,0.5219123505976095,0.5798319327731093,0.4860557768924303,0.5126050420168067,0
16,10,13,10,0.48333333333333334,0.5517241379310345,0.4708333333333333,0.5478927203065134,1
13,18,13,13,0.5067873303167421,0.4835164835164835,0.5429864253393665,0.4835164835164835,0
2,8,49,8,0.5274725274725275,0.5219123505976095,0.5494505494505495,0.4860557768924303,0
12,10,57,10,0.42857142857142855,0.5517241379310345,0.42857142857142855,0.5478927203065134,0
13,16,13,16,0.5067873303167421,0.48333333333333334,0.5429864253393665,0.4708333333333333,0
18,0,49,0,0.4835164835164835,0.5798319327731093,0.4835164835164835,0.5126050420168067,0
8,12,13,12,0.5219123505976095,0.42857142857142855,0.4860557768924303,0.42857142857142855,0
0,13,57,13,0.5798319327731093,0.5067873303167421,0.5126050420168067,0.5429864253393665,0
10,2,49,2,0.5517241379310345,0.5274725274725275,0.5478927203065134,0.5494505494505495,0
16,12,49,16,0.48333333333333334,0.42857142857142855,0.4708333333333333,0.42857142857142855,1
18,8,13,18,0.4835164835164835,0.5219123505976095,0.4835164835164835,0.4860557768924303,0
0,2,13,2,0.5798319327731093,0.5274725274725275,0.5126050420168067,0.5494505494505495,0
13,10,49,10,0.5067873303167421,0.5517241379310345,0.5429864253393665,0.5478927203065134,0
18,16,57,16,0.4835164835164835,0.48333333333333334,0.4835164835164835,0.4708333333333333,1
0,12,13,12,0.5798319327731093,0.42857142857142855,0.5126050420168067,0.42857142857142855,0
8,13,49,13,0.5219123505976095,0.5067873303167421,0.4860557768924303,0.5429864253393665,1
10,18,57,10,0.5517241379310345,0.4835164835164835,0.5478927203065134,0.4835164835164835,1
2,16,13,16,0.5274725274725275,0.48333333333333334,0.5494505494505495,0.4708333333333333,0
2,0,13,0,0.5274725274725275,0.5798319327731093,0.5494505494505495,0.5126050420168067,0
16,8,49,16,0.48333333333333334,0.5219123505976095,0.4708333333333333,0.4860557768924303,0
2,8,49,8,0.5274725274725275,0.5219123505976095,0.5494505494505495,0.4860557768924303,0
0,8,13,8,0.5798319327731093,0.5219123505976095,0.5126050420168067,0.4860557768924303,1
0,8,56,8,0.5798319327731093,0.5219123505976095,0.5126050420168067,0.4860557768924303,0
10,2,6,2,0.5517241379310345,0.5274725274725275,0.5478927203065134,0.5494505494505495,0
16,12,10,12,0.48333333333333334,0.42857142857142855,0.4708333333333333,0.42857142857142855,0
9,5,56,5,0.5454545454545454,0.6222222222222222,0.4318181818181818,0.4888888888888889,0
13,18,31,18,0.5067873303167421,0.4835164835164835,0.5429864253393665,0.4835164835164835,1
8,16,10,16,0.5219123505976095,0.48333333333333334,0.4860557768924303,0.4708333333333333,0
0,9,6,9,0.5798319327731093,0.5454545454545454,0.5126050420168067,0.4318181818181818,0
12,8,56,8,0.42857142857142855,0.5219123505976095,0.42857142857142855,0.4860557768924303,0
13,10,10,10,0.5067873303167421,0.5517241379310345,0.5429864253393665,0.5478927203065134,1
5,2,31,2,0.6222222222222222,0.5274725274725275,0.4888888888888889,0.5494505494505495,1
12,0,6,0,0.42857142857142855,0.5798319327731093,0.42857142857142855,0.5126050420168067,1
9,18,10,18,0.5454545454545454,0.4835164835164835,0.4318181818181818,0.4835164835164835,1
13,16,56,16,0.5067873303167421,0.48333333333333334,0.5429864253393665,0.4708333333333333,0
10,8,31,8,0.5517241379310345,0.5219123505976095,0.5478927203065134,0.4860557768924303,0
2,9,10,9,0.5274725274725275,0.5454545454545454,0.5494505494505495,0.4318181818181818,0
12,5,6,5,0.42857142857142855,0.6222222222222222,0.42857142857142855,0.4888888888888889,0
0,18,10,18,0.5798319327731093,0.4835164835164835,0.5126050420168067,0.4835164835164835,0
10,16,31,16,0.5517241379310345,0.48333333333333334,0.5478927203065134,0.4708333333333333,0
2,8,6,8,0.5274725274725275,0.5219123505976095,0.5494505494505495,0.4860557768924303,1
13,9,56,9,0.5067873303167421,0.5454545454545454,0.5429864253393665,0.4318181818181818,1
5,18,10,18,0.6222222222222222,0.4835164835164835,0.4888888888888889,0.4835164835164835,0
0,16,10,16,0.5798319327731093,0.48333333333333334,0.5126050420168067,0.4708333333333333,1
12,10,31,10,0.42857142857142855,0.5517241379310345,0.42857142857142855,0.5478927203065134,1
5,13,10,13,0.6222222222222222,0.5067873303167421,0.4888888888888889,0.5429864253393665,1
8,18,6,18,0.5219123505976095,0.4835164835164835,0.4860557768924303,0.4835164835164835,0
9,10,6,10,0.5454545454545454,0.5517241379310345,0.4318181818181818,0.5478927203065134,1
16,2,56,2,0.48333333333333334,0.5274725274725275,0.4708333333333333,0.5494505494505495,1
12,18,10,18,0.42857142857142855,0.4835164835164835,0.42857142857142855,0.4835164835164835,0
0,5,31,5,0.5798319327731093,0.6222222222222222,0.5126050420168067,0.4888888888888889,0
13,8,6,8,0.5067873303167421,0.5219123505976095,0.5429864253393665,0.4860557768924303,1
16,9,10,9,0.48333333333333334,0.5454545454545454,0.4708333333333333,0.4318181818181818,1
12,2,6,2,0.42857142857142855,0.5274725274725275,0.42857142857142855,0.5494505494505495,0
10,0,10,0,0.5517241379310345,0.5798319327731093,0.5478927203065134,0.5126050420168067,0
13,2,56,2,0.5067873303167421,0.5274725274725275,0.5429864253393665,0.5494505494505495,1
5,8,10,5,0.6222222222222222,0.5219123505976095,0.4888888888888889,0.4860557768924303,1
16,18,6,18,0.48333333333333334,0.4835164835164835,0.4708333333333333,0.4835164835164835,0
9,10,56,10,0.5454545454545454,0.5517241379310345,0.4318181818181818,0.5478927203065134,1
12,0,56,0,0.42857142857142855,0.5798319327731093,0.42857142857142855,0.5126050420168067,1
13,16,31,16,0.5067873303167421,0.48333333333333334,0.5429864253393665,0.4708333333333333,1
18,5,56,5,0.4835164835164835,0.6222222222222222,0.4835164835164835,0.4888888888888889,0
8,2,56,2,0.5219123505976095,0.5274725274725275,0.4860557768924303,0.5494505494505495,0
9,12,31,12,0.5454545454545454,0.42857142857142855,0.4318181818181818,0.42857142857142855,1
16,5,6,16,0.48333333333333334,0.6222222222222222,0.4708333333333333,0.4888888888888889,0
13,10,10,10,0.5067873303167421,0.5517241379310345,0.5429864253393665,0.5478927203065134,0
9,2,56,9,0.5454545454545454,0.5274725274725275,0.4318181818181818,0.5494505494505495,1
0,18,31,18,0.5798319327731093,0.4835164835164835,0.5126050420168067,0.4835164835164835,1
13,8,56,8,0.5067873303167421,0.5219123505976095,0.5429864253393665,0.4860557768924303,0
5,12,10,5,0.6222222222222222,0.42857142857142855,0.4888888888888889,0.42857142857142855,0
16,0,31,0,0.48333333333333334,0.5798319327731093,0.4708333333333333,0.5126050420168067,1
2,18,6,18,0.5274725274725275,0.4835164835164835,0.5494505494505495,0.4835164835164835,1
10,5,6,5,0.5517241379310345,0.6222222222222222,0.5478927203065134,0.4888888888888889,1
12,13,56,12,0.42857142857142855,0.5067873303167421,0.42857142857142855,0.5429864253393665,0
9,8,31,8,0.5454545454545454,0.5219123505976095,0.4318181818181818,0.4860557768924303,1
16,18,56,16,0.48333333333333334,0.4835164835164835,0.4708333333333333,0.4835164835164835,1
0,2,10,2,0.5798319327731093,0.5274725274725275,0.5126050420168067,0.5494505494505495,1
8,10,10,10,0.5219123505976095,0.5517241379310345,0.4860557768924303,0.5478927203065134,1
5,9,31,5,0.6222222222222222,0.5454545454545454,0.4888888888888889,0.4318181818181818,1
13,2,10,2,0.5067873303167421,0.5274725274725275,0.5429864253393665,0.5494505494505495,0
0,10,56,10,0.5798319327731093,0.5517241379310345,0.5126050420168067,0.5478927203065134,0
12,16,6,16,0.42857142857142855,0.48333333333333334,0.42857142857142855,0.4708333333333333,1
8,18,31,8,0.5219123505976095,0.4835164835164835,0.4860557768924303,0.4835164835164835,1
0,5,56,0,0.5798319327731093,0.6222222222222222,0.5126050420168067,0.4888888888888889,0
13,9,6,13,0.5067873303167421,0.5454545454545454,0.5429864253393665,0.4318181818181818,1
2,12,10,12,0.5274725274725275,0.42857142857142855,0.5494505494505495,0.42857142857142855,1
18,10,56,10,0.4835164835164835,0.5517241379310345,0.4835164835164835,0.5478927203065134,1
9,8,10,9,0.5454545454545454,0.5219123505976095,0.4318181818181818,0.4860557768924303,1
5,16,56,5,0.6222222222222222,0.48333333333333334,0.4888888888888889,0.4708333333333333,0
0,13,6,0,0.5798319327731093,0.5067873303167421,0.5126050420168067,0.5429864253393665,0
2,10,56,10,0.5274725274725275,0.5517241379310345,0.5494505494505495,0.5478927203065134,0
18,12,56,18,0.4835164835164835,0.42857142857142855,0.4835164835164835,0.42857142857142855,0
13,5,15,5,0.5067873303167421,0.6222222222222222,0.5429864253393665,0.4888888888888889,0
16,9,15,9,0.48333333333333334,0.5454545454545454,0.4708333333333333,0.4318181818181818,1
16,13,32,13,0.48333333333333334,0.5067873303167421,0.4708333333333333,0.5429864253393665,0
13,5,32,13,0.5067873303167421,0.6222222222222222,0.5429864253393665,0.4888888888888889,0
0,5,32,5,0.5798319327731093,0.6222222222222222,0.5126050420168067,0.4888888888888889,0
12,8,39,8,0.42857142857142855,0.5219123505976095,0.42857142857142855,0.4860557768924303,1
9,2,4,2,0.5454545454545454,0.5274725274725275,0.4318181818181818,0.5494505494505495,1
13,18,43,18,0.5067873303167421,0.4835164835164835,0.5429864253393665,0.4835164835164835,1
10,16,24,16,0.5517241379310345,0.48333333333333334,0.5478927203065134,0.4708333333333333,0
0,9,28,9,0.5798319327731093,0.5454545454545454,0.5126050420168067,0.4318181818181818,1
2,5,1,5,0.5274725274725275,0.6222222222222222,0.5494505494505495,0.4888888888888889,0
12,13,3,13,0.42857142857142855,0.5067873303167421,0.42857142857142855,0.5429864253393665,1
8,16,15,16,0.5219123505976095,0.48333333333333334,0.4860557768924303,0.4708333333333333,1
18,9,4,18,0.4835164835164835,0.5454545454545454,0.4835164835164835,0.4318181818181818,0
13,2,3,2,0.5067873303167421,0.5274725274725275,0.5429864253393665,0.5494505494505495,1
10,0,56,0,0.5517241379310345,0.5798319327731093,0.5478927203065134,0.5126050420168067,0
5,8,32,5,0.6222222222222222,0.5219123505976095,0.4888888888888889,0.4860557768924303,0
12,18,43,18,0.42857142857142855,0.4835164835164835,0.42857142857142855,0.4835164835164835,0
16,9,24,9,0.48333333333333334,0.5454545454545454,0.4708333333333333,0.4318181818181818,0
2,10,1,10,0.5274725274725275,0.5517241379310345,0.5494505494505495,0.5478927203065134,0
13,0,28,0,0.5067873303167421,0.5798319327731093,0.5429864253393665,0.5126050420168067,1
12,5,39,5,0.42857142857142855,0.6222222222222222,0.42857142857142855,0.4888888888888889,0
18,8,15,8,0.4835164835164835,0.5219123505976095,0.4835164835164835,0.4860557768924303,1
16,2,24,2,0.48333333333333334,0.5274725274725275,0.4708333333333333,0.5494505494505495,1
9,12,4,12,0.5454545454545454,0.42857142857142855,0.4318181818181818,0.42857142857142855,0
8,10,56,10,0.5219123505976095,0.5517241379310345,0.4860557768924303,0.5478927203065134,0
5,13,32,13,0.6222222222222222,0.5067873303167421,0.4888888888888889,0.5429864253393665,0
0,16,24,16,0.5798319327731093,0.48333333333333334,0.5126050420168067,0.4708333333333333,1
10,18,43,18,0.5517241379310345,0.4835164835164835,0.5478927203065134,0.4835164835164835,1
9,13,47,13,0.5454545454545454,0.5067873303167421,0.4318181818181818,0.5429864253393665,1
16,12,39,12,0.48333333333333334,0.42857142857142855,0.4708333333333333,0.42857142857142855,1
8,2,1,2,0.5219123505976095,0.5274725274725275,0.4860557768924303,0.5494505494505495,0
18,0,28,0,0.4835164835164835,0.5798319327731093,0.4835164835164835,0.5126050420168067,0
5,9,4,5,0.6222222222222222,0.5454545454545454,0.4888888888888889,0.4318181818181818,1
12,10,56,10,0.42857142857142855,0.5517241379310345,0.42857142857142855,0.5478927203065134,1
16,13,24,13,0.48333333333333334,0.5067873303167421,0.4708333333333333,0.5429864253393665,1
0,8,15,8,0.5798319327731093,0.5219123505976095,0.5126050420168067,0.4860557768924303,1
2,18,43,2,0.5274725274725275,0.4835164835164835,0.5494505494505495,0.4835164835164835,1
5,10,32,10,0.6222222222222222,0.5517241379310345,0.4888888888888889,0.5478927203065134,1
8,16,24,16,0.5219123505976095,0.48333333333333334,0.4860557768924303,0.4708333333333333,1
13,0,47,13,0.5067873303167421,0.5798319327731093,0.5429864253393665,0.5126050420168067,1
9,12,39,12,0.5454545454545454,0.42857142857142855,0.4318181818181818,0.42857142857142855,1
8,5,15,5,0.5219123505976095,0.6222222222222222,0.4860557768924303,0.4888888888888889,0
18,2,1,18,0.4835164835164835,0.5274725274725275,0.4835164835164835,0.5494505494505495,1
0,12,28,0,0.5798319327731093,0.42857142857142855,0.5126050420168067,0.42857142857142855,0
13,10,56,13,0.5067873303167421,0.5517241379310345,0.5429864253393665,0.5478927203065134,0
16,9,4,16,0.48333333333333334,0.5454545454545454,0.4708333333333333,0.4318181818181818,1
2,5,32,2,0.5274725274725275,0.6222222222222222,0.5494505494505495,0.4888888888888889,1
9,0,4,0,0.5454545454545454,0.5798319327731093,0.4318181818181818,0.5126050420168067,0
12,10,39,10,0.42857142857142855,0.5517241379310345,0.42857142857142855,0.5478927203065134,0
8,18,43,8,0.5219123505976095,0.4835164835164835,0.4860557768924303,0.4835164835164835,1
13,5,47,13,0.5067873303167421,0.6222222222222222,0.5429864253393665,0.4888888888888889,0
10,0,28,0,0.5517241379310345,0.5798319327731093,0.5478927203065134,0.5126050420168067,0
16,2,1,16,0.48333333333333334,0.5274725274725275,0.4708333333333333,0.5494505494505495,0
5,9,32,9,0.6222222222222222,0.5454545454545454,0.4888888888888889,0.4318181818181818,1
13,18,47,13,0.5067873303167421,0.4835164835164835,0.5429864253393665,0.4835164835164835,0
12,8,15,12,0.42857142857142855,0.5219123505976095,0.42857142857142855,0.4860557768924303,0
16,10,56,10,0.48333333333333334,0.5517241379310345,0.4708333333333333,0.5478927203065134,0
0,2,28,0,0.5798319327731093,0.5274725274725275,0.5126050420168067,0.5494505494505495,1
8,13,15,13,0.5219123505976095,0.5067873303167421,0.4860557768924303,0.5429864253393665,0
10,5,56,5,0.5517241379310345,0.6222222222222222,0.5478927203065134,0.4888888888888889,1
18,9,43,18,0.4835164835164835,0.5454545454545454,0.4835164835164835,0.4318181818181818,0
12,2,1,2,0.42857142857142855,0.5274725274725275,0.42857142857142855,0.5494505494505495,1
16,13,47,16,0.48333333333333334,0.5067873303167421,0.4708333333333333,0.5429864253393665,1
0,8,28,0,0.5798319327731093,0.5219123505976095,0.5126050420168067,0.4860557768924303,0
5,18,32,18,0.6222222222222222,0.4835164835164835,0.4888888888888889,0.4835164835164835,1
9,10,4,10,0.5454545454545454,0.5517241379310345,0.4318181818181818,0.5478927203065134,1
2,12,19,12,0.5274725274725275,0.42857142857142855,0.5494505494505495,0.42857142857142855,1
18,16,43,16,0.4835164835164835,0.48333333333333334,0.4835164835164835,0.4708333333333333,0
12,13,19,13,0.42857142857142855,0.5067873303167421,0.42857142857142855,0.5429864253393665,0
0,2,1,0,0.5798319327731093,0.5274725274725275,0.5126050420168067,0.5494505494505495,1
9,8,15,8,0.5454545454545454,0.5219123505976095,0.4318181818181818,0.4860557768924303,1
18,10,56,10,0.4835164835164835,0.5517241379310345,0.4835164835164835,0.5478927203065134,0
16,5,24,5,0.48333333333333334,0.6222222222222222,0.4708333333333333,0.4888888888888889,0
0,5,28,5,0.5798319327731093,0.6222222222222222,0.5126050420168067,0.4888888888888889,1
10,9,28,10,0.5517241379310345,0.5454545454545454,0.5478927203065134,0.4318181818181818,1
5,10,32,10,0.6222222222222222,0.5517241379310345,0.4888888888888889,0.5478927203065134,1
5,0,32,0,0.6222222222222222,0.5798319327731093,0.4888888888888889,0.5126050420168067,0
17,0,28,17,0.4666666666666667,0.5798319327731093,0.5333333333333333,0.5126050420168067,0
2,12,29,12,0.5274725274725275,0.42857142857142855,0.5494505494505495,0.42857142857142855,0
8,18,15,18,0.5219123505976095,0.4835164835164835,0.4860557768924303,0.4835164835164835,1
13,9,47,13,0.5067873303167421,0.5454545454545454,0.5429864253393665,0.4318181818181818,1
5,10,32,10,0.6222222222222222,0.5517241379310345,0.4888888888888889,0.5478927203065134,1
12,17,24,17,0.42857142857142855,0.4666666666666667,0.42857142857142855,0.5333333333333333,0
0,5,28,5,0.5798319327731093,0.6222222222222222,0.5126050420168067,0.4888888888888889,1
18,10,43,10,0.4835164835164835,0.5517241379310345,0.4835164835164835,0.5478927203065134,1
13,2,47,2,0.5067873303167421,0.5274725274725275,0.5429864253393665,0.5494505494505495,1
17,8,24,8,0.4666666666666667,0.5219123505976095,0.5333333333333333,0.4860557768924303,0
9,12,4,9,0.5454545454545454,0.42857142857142855,0.4318181818181818,0.42857142857142855,1
18,5,32,18,0.4835164835164835,0.6222222222222222,0.4835164835164835,0.4888888888888889,0
2,0,12,2,0.5274725274725275,0.5798319327731093,0.5494505494505495,0.5126050420168067,1
10,13,56,13,0.5517241379310345,0.5067873303167421,0.5478927203065134,0.5429864253393665,0
9,17,24,17,0.5454545454545454,0.4666666666666667,0.4318181818181818,0.5333333333333333,1
8,2,12,8,0.5219123505976095,0.5274725274725275,0.4860557768924303,0.5494505494505495,1
5,12,32,12,0.6222222222222222,0.42857142857142855,0.4888888888888889,0.42857142857142855,0
0,18,43,18,0.5798319327731093,0.4835164835164835,0.5126050420168067,0.4835164835164835,0
17,13,47,13,0.4666666666666667,0.5067873303167421,0.5333333333333333,0.5429864253393665,0
10,2,56,2,0.5517241379310345,0.5274725274725275,0.5478927203065134,0.5494505494505495,1
9,5,4,9,0.5454545454545454,0.6222222222222222,0.4318181818181818,0.4888888888888889,1
8,0,28,0,0.5219123505976095,0.5798319327731093,0.4860557768924303,0.5126050420168067,0
18,12,29,12,0.4835164835164835,0.42857142857142855,0.4835164835164835,0.42857142857142855,1
13,5,47,5,0.5067873303167421,0.6222222222222222,0.5429864253393665,0.4888888888888889,0
17,10,56,10,0.4666666666666667,0.5517241379310345,0.5333333333333333,0.5478927203065134,0
9,2,4,9,0.5454545454545454,0.5274725274725275,0.4318181818181818,0.5494505494505495,0
12,13,29,13,0.42857142857142855,0.5067873303167421,0.42857142857142855,0.5429864253393665,0
9,8,15,8,0.5454545454545454,0.5219123505976095,0.4318181818181818,0.4860557768924303,0
0,10,56,10,0.5798319327731093,0.5517241379310345,0.5126050420168067,0.5478927203065134,1
18,17,24,17,0.4835164835164835,0.4666666666666667,0.4835164835164835,0.5333333333333333,1
8,13,15,13,0.5219123505976095,0.5067873303167421,0.4860557768924303,0.5429864253393665,0
5,2,32,2,0.6222222222222222,0.5274725274725275,0.4888888888888889,0.5494505494505495,0
10,12,29,12,0.5517241379310345,0.42857142857142855,0.5478927203065134,0.42857142857142855,1
0,9,4,9,0.5798319327731093,0.5454545454545454,0.5126050420168067,0.4318181818181818,0
18,2,1,2,0.4835164835164835,0.5274725274725275,0.4835164835164835,0.5494505494505495,1
8,17,15,17,0.5219123505976095,0.4666666666666667,0.4860557768924303,0.5333333333333333,1
12,5,29,12,0.42857142857142855,0.6222222222222222,0.42857142857142855,0.4888888888888889,0
10,13,47,10,0.5517241379310345,0.5067873303167421,0.5478927203065134,0.5429864253393665,0
0,9,28,9,0.5798319327731093,0.5454545454545454,0.5126050420168067,0.4318181818181818,0
2,5,1,5,0.5274725274725275,0.6222222222222222,0.5494505494505495,0.4888888888888889,1
17,18,43,17,0.4666666666666667,0.4835164835164835,0.5333333333333333,0.4835164835164835,1
8,12,15,12,0.5219123505976095,0.42857142857142855,0.4860557768924303,0.42857142857142855,0
2,10,1,10,0.5274725274725275,0.5517241379310345,0.5494505494505495,0.5478927203065134,1
9,13,4,13,0.5454545454545454,0.5067873303167421,0.4318181818181818,0.5429864253393665,0
5,17,32,17,0.6222222222222222,0.4666666666666667,0.4888888888888889,0.5333333333333333,0
0,18,28,18,0.5798319327731093,0.4835164835164835,0.5126050420168067,0.4835164835164835,1
2,8,15,2,0.5274725274725275,0.5219123505976095,0.5494505494505495,0.4860557768924303,0
10,9,4,9,0.5517241379310345,0.5454545454545454,0.5478927203065134,0.4318181818181818,0
0,12,28,12,0.5798319327731093,0.42857142857142855,0.5126050420168067,0.42857142857142855,0
18,13,43,18,0.4835164835164835,0.5067873303167421,0.4835164835164835,0.5429864253393665,1
8,10,56,10,0.5219123505976095,0.5517241379310345,0.4860557768924303,0.5478927203065134,1
5,17,24,17,0.6222222222222222,0.4666666666666667,0.4888888888888889,0.5333333333333333,0
0,12,19,12,0.5798319327731093,0.42857142857142855,0.5126050420168067,0.42857142857142855,1
8,9,4,9,0.5219123505976095,0.5454545454545454,0.4860557768924303,0.4318181818181818,1
18,10,56,10,0.4835164835164835,0.5517241379310345,0.4835164835164835,0.5478927203065134,0
2,13,1,13,0.5274725274725275,0.5067873303167421,0.5494505494505495,0.5429864253393665,1
9,18,43,9,0.5454545454545454,0.4835164835164835,0.4318181818181818,0.4835164835164835,0
17,12,19,12,0.4666666666666667,0.42857142857142855,0.5333333333333333,0.42857142857142855,1
5,0,32,0,0.6222222222222222,0.5798319327731093,0.4888888888888889,0.5126050420168067,1
8,10,15,10,0.5219123505976095,0.5517241379310345,0.4860557768924303,0.5478927203065134,1
13,0,28,13,0.5067873303167421,0.5798319327731093,0.5429864253393665,0.5126050420168067,0
17,2,24,2,0.4666666666666667,0.5274725274725275,0.5333333333333333,0.5494505494505495,1
2,9,1,9,0.5274725274725275,0.5454545454545454,0.5494505494505495,0.4318181818181818,1
13,12,3,13,0.5067873303167421,0.42857142857142855,0.5429864253393665,0.42857142857142855,0
9,10,56,10,0.5454545454545454,0.5517241379310345,0.4318181818181818,0.5478927203065134,1
17,0,24,0,0.4666666666666667,0.5798319327731093,0.5333333333333333,0.5126050420168067,1
12,18,43,12,0.42857142857142855,0.4835164835164835,0.42857142857142855,0.4835164835164835,0
18,8,32,18,0.4835164835164835,0.5219123505976095,0.4835164835164835,0.4860557768924303,0
17,13,32,13,0.4666666666666667,0.5067873303167421,0.5333333333333333,0.5429864253393665,0
18,13,28,13,0.4835164835164835,0.5067873303167421,0.4835164835164835,0.5429864253393665,1
18,8,28,18,0.4835164835164835,0.5219123505976095,0.4835164835164835,0.4860557768924303,0
